full_name,email,phone,current_company,title
Patricia Davis,patricia.davis0@example.com,+1 (555) 462-9047,DevFoundry,Senior Software Engineer
Elizabeth Martin,elizabeth.martin1@example.com,+1 (555) 597-5439,DevFoundry,Data Engineer
David Garcia,david.garcia2@example.com,+1 (555) 544-5020,HyperScale,Product Manager
Joseph Brown,joseph.brown3@example.com,+1 (555) 843-6918,DevFoundry,DevOps Engineer
Margaret Hernandez,margaret.hernandez4@example.com,+1 (555) 534-2364,MatrixGrid,DevOps Engineer
James Gonzalez,james.gonzalez5@example.com,+1 (555) 452-3814,AlphaBase,Frontend Developer
Christopher Smith,christopher.smith6@example.com,+1 (555) 552-9828,AlphaBase,Software Engineer
Linda Miller,linda.miller7@example.com,+1 (555) 960-4180,ApexSource,Backend Engineer
James Martin,james.martin8@example.com,+1 (555) 884-7259,WebScale,Frontend Developer
Jennifer Thomas,jennifer.thomas9@example.com,+1 (555) 909-2600,TechCorp,DevOps Engineer
Patricia Rodriguez,patricia.rodriguez10@example.com,+1 (555) 419-9875,QuantumLab,Data Scientist
Sandra Moore,sandra.moore11@example.com,+1 (555) 457-9767,WebScale,Senior Software Engineer
Thomas Martin,thomas.martin12@example.com,+1 (555) 826-1969,AlphaBase,Data Scientist
Nancy Martin,nancy.martin13@example.com,+1 (555) 368-3285,CloudNet,Full Stack Developer
Thomas Thompson,thomas.thompson14@example.com,+1 (555) 396-1336,ApexSource,Full Stack Developer
Sarah Perez,sarah.perez15@example.com,+1 (555) 707-9218,WebScale,Machine Learning Engineer
Sandra White,sandra.white16@example.com,+1 (555) 789-4158,WebScale,Frontend Developer
Lisa Lopez,lisa.lopez17@example.com,+1 (555) 903-3915,Innovate Solutions,Frontend Developer
Lisa Garcia,lisa.garcia18@example.com,+1 (555) 592-3837,AlphaBase,Data Engineer
Robert Johnson,robert.johnson19@example.com,+1 (555) 219-2673,SoftSystems,Frontend Developer
Thomas Jackson,thomas.jackson20@example.com,+1 (555) 305-5540,SoftSystems,Data Scientist
Matthew Thompson,matthew.thompson21@example.com,+1 (555) 481-7596,QuantumLab,Backend Engineer
Christopher Jackson,christopher.jackson22@example.com,+1 (555) 584-4166,AlphaBase,Senior Software Engineer
Jessica Jackson,jessica.jackson23@example.com,+1 (555) 717-1165,MatrixGrid,Data Scientist
John Gonzalez,john.gonzalez24@example.com,+1 (555) 627-1004,WebScale,Machine Learning Engineer
Lisa Harris,lisa.harris25@example.com,+1 (555) 254-7182,ApexSource,Product Manager
Ashley Anderson,ashley.anderson26@example.com,+1 (555) 970-5042,SoftSystems,Product Manager
Susan Perez,susan.perez27@example.com,+1 (555) 957-9568,ApexSource,Software Engineer
Lisa Moore,lisa.moore28@example.com,+1 (555) 547-2045,QuantumLab,Software Engineer
Nancy White,nancy.white29@example.com,+1 (555) 302-7814,AlphaBase,Backend Engineer
Thomas Gonzalez,thomas.gonzalez30@example.com,+1 (555) 299-7027,WebScale,Software Engineer
David Hernandez,david.hernandez31@example.com,+1 (555) 345-6111,QuantumLab,Product Manager
Margaret White,margaret.white32@example.com,+1 (555) 583-9063,Innovate Solutions,Frontend Developer
Joseph Jackson,joseph.jackson33@example.com,+1 (555) 768-9865,WebScale,Data Engineer
Susan Thompson,susan.thompson34@example.com,+1 (555) 241-1425,DevFoundry,Data Engineer
Elizabeth Lee,elizabeth.lee35@example.com,+1 (555) 360-7774,DataForge,Frontend Developer
Charles Gonzalez,charles.gonzalez36@example.com,+1 (555) 897-2503,SoftSystems,Backend Engineer
Patricia Perez,patricia.perez37@example.com,+1 (555) 301-2937,TechCorp,Product Manager
Sandra Anderson,sandra.anderson38@example.com,+1 (555) 433-9370,MatrixGrid,Software Engineer
Barbara Hernandez,barbara.hernandez39@example.com,+1 (555) 428-7411,WebScale,Backend Engineer
Charles Johnson,charles.johnson40@example.com,+1 (555) 826-5953,ApexSource,Software Engineer
Joseph Lopez,joseph.lopez41@example.com,+1 (555) 490-2769,SoftSystems,Machine Learning Engineer
Anthony Perez,anthony.perez42@example.com,+1 (555) 136-8044,Innovate Solutions,Data Engineer
David Gonzalez,david.gonzalez43@example.com,+1 (555) 563-7367,TechCorp,DevOps Engineer
Robert Davis,robert.davis44@example.com,+1 (555) 791-9016,DataForge,Data Engineer
Mark Miller,mark.miller45@example.com,+1 (555) 872-9958,HyperScale,Frontend Developer
Lisa Perez,lisa.perez46@example.com,+1 (555) 276-8455,MatrixGrid,Full Stack Developer
Karen Martinez,karen.martinez47@example.com,+1 (555) 297-5116,TechCorp,Data Scientist
Anthony White,anthony.white48@example.com,+1 (555) 528-8492,CloudNet,Backend Engineer
Linda Thomas,linda.thomas49@example.com,+1 (555) 425-8463,QuantumLab,Backend Engineer
Charles Thomas,charles.thomas50@example.com,+1 (555) 819-4279,CloudNet,Data Engineer
Christopher Rodriguez,christopher.rodriguez51@example.com,+1 (555) 235-7474,WebScale,Machine Learning Engineer
Betty Lee,betty.lee52@example.com,+1 (555) 877-1160,HyperScale,Frontend Developer
John Jackson,john.jackson53@example.com,+1 (555) 620-1351,HyperScale,Software Engineer
Joseph Johnson,joseph.johnson54@example.com,+1 (555) 268-8967,TechCorp,Full Stack Developer
Barbara Garcia,barbara.garcia55@example.com,+1 (555) 800-5788,AlphaBase,Data Scientist
James Thomas,james.thomas56@example.com,+1 (555) 786-2621,QuantumLab,DevOps Engineer
Robert Thomas,robert.thomas57@example.com,+1 (555) 156-3970,DevFoundry,Product Manager
Sarah Moore,sarah.moore58@example.com,+1 (555) 779-2536,DataForge,Product Manager
Lisa Taylor,lisa.taylor59@example.com,+1 (555) 949-1009,Innovate Solutions,Machine Learning Engineer
Sandra Harris,sandra.harris60@example.com,+1 (555) 579-3668,MatrixGrid,Frontend Developer
Thomas Davis,thomas.davis61@example.com,+1 (555) 640-9623,DataForge,Software Engineer
Betty Garcia,betty.garcia62@example.com,+1 (555) 198-2201,DataForge,DevOps Engineer
Nancy Hernandez,nancy.hernandez63@example.com,+1 (555) 416-6129,Innovate Solutions,Software Engineer
William Miller,william.miller64@example.com,+1 (555) 673-4949,Innovate Solutions,Backend Engineer
Jessica Brown,jessica.brown65@example.com,+1 (555) 767-1006,CloudNet,Full Stack Developer
Mark Davis,mark.davis66@example.com,+1 (555) 567-6490,DataForge,Software Engineer
Charles Perez,charles.perez67@example.com,+1 (555) 491-3072,HyperScale,DevOps Engineer
Susan Taylor,susan.taylor68@example.com,+1 (555) 286-9669,DataForge,Backend Engineer
Karen Lee,karen.lee69@example.com,+1 (555) 250-4122,QuantumLab,Machine Learning Engineer
Jennifer Lopez,jennifer.lopez70@example.com,+1 (555) 598-5827,Innovate Solutions,Data Scientist
Elizabeth Thomas,elizabeth.thomas71@example.com,+1 (555) 677-3150,HyperScale,Product Manager
Nancy Lee,nancy.lee72@example.com,+1 (555) 919-7366,CloudNet,DevOps Engineer
Robert Davis,robert.davis73@example.com,+1 (555) 887-7042,DataForge,DevOps Engineer
Jessica Perez,jessica.perez74@example.com,+1 (555) 539-5536,ApexSource,Machine Learning Engineer
Thomas Martinez,thomas.martinez75@example.com,+1 (555) 886-3854,Innovate Solutions,DevOps Engineer
Jennifer Anderson,jennifer.anderson76@example.com,+1 (555) 883-4069,WebScale,Full Stack Developer
Donald Thompson,donald.thompson77@example.com,+1 (555) 353-7311,QuantumLab,DevOps Engineer
Thomas Martin,thomas.martin78@example.com,+1 (555) 862-2849,DevFoundry,Full Stack Developer
Linda Martinez,linda.martinez79@example.com,+1 (555) 921-7129,SoftSystems,Full Stack Developer
Barbara Moore,barbara.moore80@example.com,+1 (555) 654-4773,DevFoundry,Senior Software Engineer
Mark Taylor,mark.taylor81@example.com,+1 (555) 594-1849,Innovate Solutions,DevOps Engineer
David Thomas,david.thomas82@example.com,+1 (555) 299-1119,AlphaBase,Full Stack Developer
Christopher Thompson,christopher.thompson83@example.com,+1 (555) 840-5995,MatrixGrid,Full Stack Developer
James Gonzalez,james.gonzalez84@example.com,+1 (555) 640-7190,TechCorp,Full Stack Developer
Mary Johnson,mary.johnson85@example.com,+1 (555) 751-1236,DevFoundry,Product Manager
Joseph Harris,joseph.harris86@example.com,+1 (555) 211-1667,MatrixGrid,DevOps Engineer
Anthony Martin,anthony.martin87@example.com,+1 (555) 663-5151,ApexSource,Machine Learning Engineer
Susan Taylor,susan.taylor88@example.com,+1 (555) 128-9645,AlphaBase,DevOps Engineer
Mary Garcia,mary.garcia89@example.com,+1 (555) 979-3777,SoftSystems,Data Engineer
Jennifer Taylor,jennifer.taylor90@example.com,+1 (555) 828-3964,SoftSystems,Data Scientist
Susan Williams,susan.williams91@example.com,+1 (555) 263-3583,DevFoundry,Machine Learning Engineer
James Wilson,james.wilson92@example.com,+1 (555) 145-2700,CloudNet,Software Engineer
Jennifer Brown,jennifer.brown93@example.com,+1 (555) 972-4508,DataForge,Frontend Developer
Matthew Brown,matthew.brown94@example.com,+1 (555) 231-1454,ApexSource,Data Engineer
John Hernandez,john.hernandez95@example.com,+1 (555) 650-2732,AlphaBase,Machine Learning Engineer
Patricia Davis,patricia.davis96@example.com,+1 (555) 861-8986,DevFoundry,DevOps Engineer
Michael Anderson,michael.anderson97@example.com,+1 (555) 478-4286,HyperScale,Full Stack Developer
Jennifer Martin,jennifer.martin98@example.com,+1 (555) 354-6473,AlphaBase,Senior Software Engineer
Barbara Smith,barbara.smith99@example.com,+1 (555) 913-1533,Innovate Solutions,Machine Learning Engineer
Betty Harris,betty.harris100@example.com,+1 (555) 875-1003,CloudNet,Data Scientist
Mary Martin,mary.martin101@example.com,+1 (555) 435-2883,ApexSource,Full Stack Developer
Michael Taylor,michael.taylor102@example.com,+1 (555) 593-6258,WebScale,DevOps Engineer
Nancy Brown,nancy.brown103@example.com,+1 (555) 399-9922,AlphaBase,Backend Engineer
Jessica Martin,jessica.martin104@example.com,+1 (555) 156-7549,HyperScale,Senior Software Engineer
Michael Hernandez,michael.hernandez105@example.com,+1 (555) 388-2398,Innovate Solutions,DevOps Engineer
Christopher Miller,christopher.miller106@example.com,+1 (555) 944-7702,WebScale,Data Engineer
Lisa Martin,lisa.martin107@example.com,+1 (555) 408-2121,Innovate Solutions,Data Scientist
Charles Brown,charles.brown108@example.com,+1 (555) 770-7584,SoftSystems,Data Scientist
Mark Anderson,mark.anderson109@example.com,+1 (555) 725-6108,MatrixGrid,Software Engineer
Christopher Jackson,christopher.jackson110@example.com,+1 (555) 451-7218,AlphaBase,Machine Learning Engineer
Nancy Williams,nancy.williams111@example.com,+1 (555) 606-2826,Innovate Solutions,Product Manager
Charles Thompson,charles.thompson112@example.com,+1 (555) 789-9295,HyperScale,DevOps Engineer
Donald Anderson,donald.anderson113@example.com,+1 (555) 431-7048,AlphaBase,Machine Learning Engineer
John Lee,john.lee114@example.com,+1 (555) 946-9508,DataForge,Software Engineer
Susan Lee,susan.lee115@example.com,+1 (555) 752-6499,DataForge,Product Manager
Jennifer Taylor,jennifer.taylor116@example.com,+1 (555) 585-3135,CloudNet,Machine Learning Engineer
Sandra Gonzalez,sandra.gonzalez117@example.com,+1 (555) 301-4854,DevFoundry,Data Scientist
John Martinez,john.martinez118@example.com,+1 (555) 269-3895,TechCorp,Machine Learning Engineer
Donald Williams,donald.williams119@example.com,+1 (555) 593-1209,CloudNet,Frontend Developer
Joseph White,joseph.white120@example.com,+1 (555) 599-3217,CloudNet,Machine Learning Engineer
Mark Martinez,mark.martinez121@example.com,+1 (555) 702-9545,Innovate Solutions,Machine Learning Engineer
Thomas Wilson,thomas.wilson122@example.com,+1 (555) 405-1052,SoftSystems,Software Engineer
Linda Thomas,linda.thomas123@example.com,+1 (555) 639-5805,HyperScale,Software Engineer
William White,william.white124@example.com,+1 (555) 760-8918,WebScale,Machine Learning Engineer
Patricia Garcia,patricia.garcia125@example.com,+1 (555) 845-3384,ApexSource,Machine Learning Engineer
Barbara Miller,barbara.miller126@example.com,+1 (555) 952-3878,Innovate Solutions,Senior Software Engineer
Robert Taylor,robert.taylor127@example.com,+1 (555) 784-7834,DataForge,Senior Software Engineer
Karen Davis,karen.davis128@example.com,+1 (555) 794-1514,MatrixGrid,Senior Software Engineer
Anthony Hernandez,anthony.hernandez129@example.com,+1 (555) 285-7938,DataForge,Senior Software Engineer
Jessica Smith,jessica.smith130@example.com,+1 (555) 692-4131,ApexSource,Product Manager
Sarah Miller,sarah.miller131@example.com,+1 (555) 878-6895,TechCorp,Backend Engineer
David Taylor,david.taylor132@example.com,+1 (555) 828-3260,CloudNet,Data Engineer
Ashley Williams,ashley.williams133@example.com,+1 (555) 863-1181,Innovate Solutions,Frontend Developer
Robert Lopez,robert.lopez134@example.com,+1 (555) 548-3255,MatrixGrid,Backend Engineer
Anthony Brown,anthony.brown135@example.com,+1 (555) 735-5780,Innovate Solutions,Data Engineer
Barbara Hernandez,barbara.hernandez136@example.com,+1 (555) 759-5413,AlphaBase,Data Scientist
Robert Gonzalez,robert.gonzalez137@example.com,+1 (555) 132-9219,Innovate Solutions,Frontend Developer
Mary Jackson,mary.jackson138@example.com,+1 (555) 648-7195,SoftSystems,Frontend Developer
Robert Gonzalez,robert.gonzalez139@example.com,+1 (555) 922-2309,QuantumLab,Full Stack Developer
Karen Miller,karen.miller140@example.com,+1 (555) 925-5570,SoftSystems,Software Engineer
Richard Davis,richard.davis141@example.com,+1 (555) 409-7040,TechCorp,Backend Engineer
Lisa Anderson,lisa.anderson142@example.com,+1 (555) 107-8506,ApexSource,Data Scientist
Ashley Martinez,ashley.martinez143@example.com,+1 (555) 501-7800,DevFoundry,Full Stack Developer
Ashley Lee,ashley.lee144@example.com,+1 (555) 872-1329,Innovate Solutions,Backend Engineer
Betty Harris,betty.harris145@example.com,+1 (555) 682-5927,WebScale,Full Stack Developer
William Johnson,william.johnson146@example.com,+1 (555) 908-5226,AlphaBase,Software Engineer
Charles Brown,charles.brown147@example.com,+1 (555) 952-3813,TechCorp,Full Stack Developer
Patricia Garcia,patricia.garcia148@example.com,+1 (555) 321-2736,Innovate Solutions,Product Manager
Betty Lopez,betty.lopez149@example.com,+1 (555) 856-8069,Innovate Solutions,DevOps Engineer
Ashley Anderson,ashley.anderson150@example.com,+1 (555) 712-3342,TechCorp,DevOps Engineer
Margaret Rodriguez,margaret.rodriguez151@example.com,+1 (555) 592-8064,QuantumLab,Data Engineer
Richard Rodriguez,richard.rodriguez152@example.com,+1 (555) 148-9519,DevFoundry,Data Engineer
Robert Martin,robert.martin153@example.com,+1 (555) 945-2008,CloudNet,Senior Software Engineer
Anthony Martinez,anthony.martinez154@example.com,+1 (555) 353-5422,DataForge,Data Scientist
Lisa Rodriguez,lisa.rodriguez155@example.com,+1 (555) 536-1380,Innovate Solutions,Data Engineer
Margaret Gonzalez,margaret.gonzalez156@example.com,+1 (555) 107-4215,AlphaBase,Data Scientist
Ashley Harris,ashley.harris157@example.com,+1 (555) 147-1735,WebScale,Backend Engineer
Jennifer White,jennifer.white158@example.com,+1 (555) 668-7642,CloudNet,Backend Engineer
Michael Lopez,michael.lopez159@example.com,+1 (555) 885-4047,DataForge,DevOps Engineer
James White,james.white160@example.com,+1 (555) 792-7317,DevFoundry,Data Engineer
Thomas Miller,thomas.miller161@example.com,+1 (555) 773-6973,QuantumLab,Frontend Developer
Richard White,richard.white162@example.com,+1 (555) 904-6425,Innovate Solutions,Data Engineer
Jennifer Wilson,jennifer.wilson163@example.com,+1 (555) 405-5359,DevFoundry,Software Engineer
Sandra Martin,sandra.martin164@example.com,+1 (555) 581-4836,QuantumLab,Backend Engineer
Nancy Jackson,nancy.jackson165@example.com,+1 (555) 470-8134,MatrixGrid,Data Scientist
Mark Hernandez,mark.hernandez166@example.com,+1 (555) 146-1550,QuantumLab,Machine Learning Engineer
Mark Davis,mark.davis167@example.com,+1 (555) 952-4812,DataForge,Full Stack Developer
Robert Thomas,robert.thomas168@example.com,+1 (555) 271-1206,DevFoundry,DevOps Engineer
Matthew Garcia,matthew.garcia169@example.com,+1 (555) 311-5018,AlphaBase,Full Stack Developer
Robert Perez,robert.perez170@example.com,+1 (555) 532-8525,HyperScale,Product Manager
Joseph Martin,joseph.martin171@example.com,+1 (555) 552-5176,DevFoundry,Data Engineer
Ashley Miller,ashley.miller172@example.com,+1 (555) 249-3862,MatrixGrid,Full Stack Developer
Michael Thomas,michael.thomas173@example.com,+1 (555) 589-7816,Innovate Solutions,Frontend Developer
Matthew Thompson,matthew.thompson174@example.com,+1 (555) 105-6085,ApexSource,DevOps Engineer
Mary Moore,mary.moore175@example.com,+1 (555) 386-4369,ApexSource,Product Manager
Karen Taylor,karen.taylor176@example.com,+1 (555) 159-8940,DevFoundry,DevOps Engineer
Patricia Perez,patricia.perez177@example.com,+1 (555) 522-8983,DataForge,Data Scientist
Betty Lee,betty.lee178@example.com,+1 (555) 858-9140,HyperScale,Backend Engineer
Donald Gonzalez,donald.gonzalez179@example.com,+1 (555) 586-5131,QuantumLab,Machine Learning Engineer
Charles Hernandez,charles.hernandez180@example.com,+1 (555) 214-1654,ApexSource,Software Engineer
Anthony Miller,anthony.miller181@example.com,+1 (555) 337-1883,MatrixGrid,Machine Learning Engineer
Charles Harris,charles.harris182@example.com,+1 (555) 850-1861,HyperScale,Product Manager
Anthony Martin,anthony.martin183@example.com,+1 (555) 583-5402,SoftSystems,Product Manager
Richard Thomas,richard.thomas184@example.com,+1 (555) 680-7418,DevFoundry,Data Engineer
Christopher Martinez,christopher.martinez185@example.com,+1 (555) 578-9362,MatrixGrid,Backend Engineer
Margaret Miller,margaret.miller186@example.com,+1 (555) 975-3155,QuantumLab,Machine Learning Engineer
Jessica Johnson,jessica.johnson187@example.com,+1 (555) 745-6926,QuantumLab,Data Engineer
Ashley Moore,ashley.moore188@example.com,+1 (555) 537-6154,AlphaBase,Software Engineer
Jessica Taylor,jessica.taylor189@example.com,+1 (555) 554-2237,AlphaBase,Backend Engineer
Robert Thomas,robert.thomas190@example.com,+1 (555) 875-6051,TechCorp,Senior Software Engineer
Daniel Jackson,daniel.jackson191@example.com,+1 (555) 187-5241,TechCorp,Full Stack Developer
Jessica Smith,jessica.smith192@example.com,+1 (555) 434-9371,Innovate Solutions,Product Manager
Richard Perez,richard.perez193@example.com,+1 (555) 598-2264,SoftSystems,Senior Software Engineer
Ashley Taylor,ashley.taylor194@example.com,+1 (555) 858-7423,SoftSystems,Backend Engineer
Daniel Gonzalez,daniel.gonzalez195@example.com,+1 (555) 759-6515,AlphaBase,Data Scientist
Susan Thompson,susan.thompson196@example.com,+1 (555) 969-4802,DevFoundry,Frontend Developer
David Johnson,david.johnson197@example.com,+1 (555) 337-8251,DataForge,Machine Learning Engineer
James Wilson,james.wilson198@example.com,+1 (555) 434-8816,CloudNet,Senior Software Engineer
Sarah Harris,sarah.harris199@example.com,+1 (555) 905-8936,ApexSource,Software Engineer
Mary Davis,mary.davis200@example.com,+1 (555) 494-5455,DataForge,Senior Software Engineer
Sandra Taylor,sandra.taylor201@example.com,+1 (555) 956-9300,ApexSource,Software Engineer
Mark Miller,mark.miller202@example.com,+1 (555) 175-7785,AlphaBase,DevOps Engineer
Thomas Lee,thomas.lee203@example.com,+1 (555) 772-1016,Innovate Solutions,Machine Learning Engineer
Nancy Garcia,nancy.garcia204@example.com,+1 (555) 470-2105,ApexSource,Product Manager
Daniel Anderson,daniel.anderson205@example.com,+1 (555) 489-7349,HyperScale,Data Scientist
Daniel Davis,daniel.davis206@example.com,+1 (555) 330-5903,QuantumLab,Software Engineer
Lisa Thomas,lisa.thomas207@example.com,+1 (555) 394-7108,SoftSystems,Senior Software Engineer
Charles Rodriguez,charles.rodriguez208@example.com,+1 (555) 327-9847,MatrixGrid,Product Manager
Mark Martinez,mark.martinez209@example.com,+1 (555) 184-7490,MatrixGrid,Data Scientist
Mary Martin,mary.martin210@example.com,+1 (555) 170-2723,HyperScale,Full Stack Developer
Donald Hernandez,donald.hernandez211@example.com,+1 (555) 598-4680,MatrixGrid,Frontend Developer
Charles Garcia,charles.garcia212@example.com,+1 (555) 113-5705,DataForge,Frontend Developer
Elizabeth Garcia,elizabeth.garcia213@example.com,+1 (555) 424-1367,DevFoundry,Data Scientist
Betty Davis,betty.davis214@example.com,+1 (555) 766-4712,DevFoundry,Data Scientist
Patricia Moore,patricia.moore215@example.com,+1 (555) 899-3338,TechCorp,DevOps Engineer
Matthew Hernandez,matthew.hernandez216@example.com,+1 (555) 954-3116,Innovate Solutions,Data Engineer
Matthew Gonzalez,matthew.gonzalez217@example.com,+1 (555) 783-5850,CloudNet,Data Engineer
John Taylor,john.taylor218@example.com,+1 (555) 331-2529,WebScale,Full Stack Developer
Ashley Thomas,ashley.thomas219@example.com,+1 (555) 168-8805,DevFoundry,Data Engineer
Charles Taylor,charles.taylor220@example.com,+1 (555) 880-6950,ApexSource,Frontend Developer
Mary Garcia,mary.garcia221@example.com,+1 (555) 942-2125,ApexSource,Full Stack Developer
Susan Martinez,susan.martinez222@example.com,+1 (555) 780-3190,MatrixGrid,Data Engineer
Donald Miller,donald.miller223@example.com,+1 (555) 355-4519,QuantumLab,DevOps Engineer
Sarah Martin,sarah.martin224@example.com,+1 (555) 908-4740,HyperScale,Backend Engineer
Christopher Lee,christopher.lee225@example.com,+1 (555) 701-4947,MatrixGrid,Data Scientist
Matthew White,matthew.white226@example.com,+1 (555) 289-5176,WebScale,Full Stack Developer
Charles Williams,charles.williams227@example.com,+1 (555) 949-6569,SoftSystems,Data Scientist
Anthony Harris,anthony.harris228@example.com,+1 (555) 372-9079,Innovate Solutions,Software Engineer
Jessica Garcia,jessica.garcia229@example.com,+1 (555) 193-4236,MatrixGrid,Machine Learning Engineer
Barbara Gonzalez,barbara.gonzalez230@example.com,+1 (555) 992-8052,CloudNet,Machine Learning Engineer
Sandra Lee,sandra.lee231@example.com,+1 (555) 333-8970,AlphaBase,Data Engineer
Patricia Lopez,patricia.lopez232@example.com,+1 (555) 974-2484,TechCorp,Machine Learning Engineer
John Garcia,john.garcia233@example.com,+1 (555) 605-7168,TechCorp,Product Manager
Linda Moore,linda.moore234@example.com,+1 (555) 301-5885,ApexSource,Data Scientist
Mary Smith,mary.smith235@example.com,+1 (555) 915-4490,DevFoundry,Machine Learning Engineer
Betty Brown,betty.brown236@example.com,+1 (555) 310-9513,Innovate Solutions,Software Engineer
Patricia Garcia,patricia.garcia237@example.com,+1 (555) 208-5515,Innovate Solutions,Machine Learning Engineer
Matthew Rodriguez,matthew.rodriguez238@example.com,+1 (555) 303-7636,CloudNet,Machine Learning Engineer
Thomas Hernandez,thomas.hernandez239@example.com,+1 (555) 367-6707,CloudNet,DevOps Engineer
Susan Gonzalez,susan.gonzalez240@example.com,+1 (555) 111-7865,AlphaBase,Senior Software Engineer
John White,john.white241@example.com,+1 (555) 352-1517,TechCorp,Machine Learning Engineer
Sandra Williams,sandra.williams242@example.com,+1 (555) 135-7672,HyperScale,Senior Software Engineer
Richard Garcia,richard.garcia243@example.com,+1 (555) 338-8461,Innovate Solutions,Backend Engineer
Patricia Thomas,patricia.thomas244@example.com,+1 (555) 525-2352,HyperScale,Backend Engineer
Thomas Davis,thomas.davis245@example.com,+1 (555) 720-9280,DevFoundry,Backend Engineer
Margaret Lopez,margaret.lopez246@example.com,+1 (555) 477-9256,TechCorp,DevOps Engineer
Mary Miller,mary.miller247@example.com,+1 (555) 258-5060,Innovate Solutions,Data Scientist
Elizabeth Martinez,elizabeth.martinez248@example.com,+1 (555) 148-7065,WebScale,Machine Learning Engineer
Patricia Lee,patricia.lee249@example.com,+1 (555) 150-7499,QuantumLab,Data Scientist
John White,john.white250@example.com,+1 (555) 699-9185,WebScale,DevOps Engineer
Mary Taylor,mary.taylor251@example.com,+1 (555) 916-5360,DevFoundry,Machine Learning Engineer
Donald Lee,donald.lee252@example.com,+1 (555) 886-2783,SoftSystems,Backend Engineer
Margaret Lopez,margaret.lopez253@example.com,+1 (555) 304-6357,MatrixGrid,Frontend Developer
Daniel Hernandez,daniel.hernandez254@example.com,+1 (555) 572-5764,AlphaBase,Machine Learning Engineer
Linda Anderson,linda.anderson255@example.com,+1 (555) 295-7380,Innovate Solutions,Backend Engineer
Sandra Gonzalez,sandra.gonzalez256@example.com,+1 (555) 754-1228,MatrixGrid,Software Engineer
Michael Miller,michael.miller257@example.com,+1 (555) 554-2886,SoftSystems,Data Scientist
Robert Davis,robert.davis258@example.com,+1 (555) 775-8434,TechCorp,Software Engineer
Joseph Brown,joseph.brown259@example.com,+1 (555) 335-3843,TechCorp,Machine Learning Engineer
William Garcia,william.garcia260@example.com,+1 (555) 932-2483,DevFoundry,Machine Learning Engineer
Donald Perez,donald.perez261@example.com,+1 (555) 259-8485,QuantumLab,Full Stack Developer
James Lee,james.lee262@example.com,+1 (555) 286-9439,Innovate Solutions,Data Engineer
James Brown,james.brown263@example.com,+1 (555) 154-5662,HyperScale,Machine Learning Engineer
James Perez,james.perez264@example.com,+1 (555) 673-7272,QuantumLab,Machine Learning Engineer
Margaret Martin,margaret.martin265@example.com,+1 (555) 859-7048,SoftSystems,Frontend Developer
Jennifer Perez,jennifer.perez266@example.com,+1 (555) 557-6614,CloudNet,Backend Engineer
Joseph Johnson,joseph.johnson267@example.com,+1 (555) 447-9517,HyperScale,Senior Software Engineer
Betty Thomas,betty.thomas268@example.com,+1 (555) 916-6218,SoftSystems,DevOps Engineer
Joseph Lopez,joseph.lopez269@example.com,+1 (555) 501-6971,CloudNet,DevOps Engineer
Anthony Taylor,anthony.taylor270@example.com,+1 (555) 475-5632,QuantumLab,Data Engineer
Lisa Moore,lisa.moore271@example.com,+1 (555) 587-5266,WebScale,Data Engineer
Elizabeth Miller,elizabeth.miller272@example.com,+1 (555) 858-1745,CloudNet,Senior Software Engineer
Anthony Hernandez,anthony.hernandez273@example.com,+1 (555) 519-4582,HyperScale,Data Engineer
Elizabeth Martinez,elizabeth.martinez274@example.com,+1 (555) 374-7183,MatrixGrid,Machine Learning Engineer
Margaret Wilson,margaret.wilson275@example.com,+1 (555) 516-5748,CloudNet,Senior Software Engineer
Sandra Martin,sandra.martin276@example.com,+1 (555) 155-3535,SoftSystems,Data Scientist
Susan Williams,susan.williams277@example.com,+1 (555) 973-3911,Innovate Solutions,Data Scientist
David Thomas,david.thomas278@example.com,+1 (555) 825-9388,HyperScale,Frontend Developer
James Hernandez,james.hernandez279@example.com,+1 (555) 629-1950,DataForge,Software Engineer
Jennifer Anderson,jennifer.anderson280@example.com,+1 (555) 963-3231,SoftSystems,Senior Software Engineer
William Smith,william.smith281@example.com,+1 (555) 882-3789,SoftSystems,Data Scientist
Donald Anderson,donald.anderson282@example.com,+1 (555) 918-8662,MatrixGrid,Data Engineer
Lisa Jackson,lisa.jackson283@example.com,+1 (555) 595-7227,DevFoundry,Frontend Developer
Donald Miller,donald.miller284@example.com,+1 (555) 810-2198,Innovate Solutions,Product Manager
Christopher Jones,christopher.jones285@example.com,+1 (555) 401-3165,ApexSource,Machine Learning Engineer
Ashley Rodriguez,ashley.rodriguez286@example.com,+1 (555) 810-8409,DevFoundry,DevOps Engineer
Mark Moore,mark.moore287@example.com,+1 (555) 897-8178,HyperScale,Product Manager
Margaret Williams,margaret.williams288@example.com,+1 (555) 661-8695,SoftSystems,Backend Engineer
Ashley Williams,ashley.williams289@example.com,+1 (555) 244-8199,QuantumLab,Machine Learning Engineer
Lisa White,lisa.white290@example.com,+1 (555) 904-8888,DataForge,Software Engineer
Mark Anderson,mark.anderson291@example.com,+1 (555) 993-9110,AlphaBase,Full Stack Developer
Mary White,mary.white292@example.com,+1 (555) 404-3028,TechCorp,Product Manager
Donald Harris,donald.harris293@example.com,+1 (555) 786-4940,MatrixGrid,Product Manager
Michael Wilson,michael.wilson294@example.com,+1 (555) 550-9979,MatrixGrid,DevOps Engineer
Nancy Smith,nancy.smith295@example.com,+1 (555) 123-5263,AlphaBase,Full Stack Developer
Karen Harris,karen.harris296@example.com,+1 (555) 142-3139,QuantumLab,Software Engineer
Karen Davis,karen.davis297@example.com,+1 (555) 960-8818,AlphaBase,Data Engineer
Karen Lopez,karen.lopez298@example.com,+1 (555) 856-6022,ApexSource,DevOps Engineer
Karen Perez,karen.perez299@example.com,+1 (555) 385-3183,MatrixGrid,Full Stack Developer
Donald Martin,donald.martin300@example.com,+1 (555) 847-4424,AlphaBase,Senior Software Engineer
Michael Thomas,michael.thomas301@example.com,+1 (555) 451-9195,DevFoundry,Backend Engineer
Daniel Wilson,daniel.wilson302@example.com,+1 (555) 275-2599,WebScale,Senior Software Engineer
Daniel Jones,daniel.jones303@example.com,+1 (555) 262-3615,QuantumLab,Data Scientist
Daniel White,daniel.white304@example.com,+1 (555) 467-7658,SoftSystems,Backend Engineer
Charles Martinez,charles.martinez305@example.com,+1 (555) 301-4366,QuantumLab,Data Engineer
Betty Davis,betty.davis306@example.com,+1 (555) 644-9774,DevFoundry,Senior Software Engineer
Linda Thompson,linda.thompson307@example.com,+1 (555) 982-9417,HyperScale,Machine Learning Engineer
Anthony Brown,anthony.brown308@example.com,+1 (555) 537-6352,AlphaBase,Senior Software Engineer
Daniel Moore,daniel.moore309@example.com,+1 (555) 466-9401,WebScale,Backend Engineer
Mary Martin,mary.martin310@example.com,+1 (555) 761-9179,WebScale,Backend Engineer
Daniel White,daniel.white311@example.com,+1 (555) 681-5015,MatrixGrid,Frontend Developer
Charles White,charles.white312@example.com,+1 (555) 840-9286,CloudNet,Data Engineer
Jennifer Hernandez,jennifer.hernandez313@example.com,+1 (555) 936-3841,QuantumLab,DevOps Engineer
Susan Garcia,susan.garcia314@example.com,+1 (555) 374-9647,AlphaBase,DevOps Engineer
Betty Perez,betty.perez315@example.com,+1 (555) 641-1977,CloudNet,Senior Software Engineer
Barbara Wilson,barbara.wilson316@example.com,+1 (555) 966-5410,TechCorp,Data Scientist
Margaret Perez,margaret.perez317@example.com,+1 (555) 533-9486,QuantumLab,Machine Learning Engineer
Matthew Wilson,matthew.wilson318@example.com,+1 (555) 682-7610,MatrixGrid,Software Engineer
Richard Rodriguez,richard.rodriguez319@example.com,+1 (555) 420-7434,HyperScale,Product Manager
Matthew Garcia,matthew.garcia320@example.com,+1 (555) 151-3069,DataForge,DevOps Engineer
William Gonzalez,william.gonzalez321@example.com,+1 (555) 147-6104,Innovate Solutions,Frontend Developer
Mark Garcia,mark.garcia322@example.com,+1 (555) 854-1083,HyperScale,Backend Engineer
Michael Moore,michael.moore323@example.com,+1 (555) 292-4939,CloudNet,Frontend Developer
David Martin,david.martin324@example.com,+1 (555) 592-4514,MatrixGrid,Product Manager
Barbara Brown,barbara.brown325@example.com,+1 (555) 415-6842,MatrixGrid,Backend Engineer
Robert Thomas,robert.thomas326@example.com,+1 (555) 832-8282,AlphaBase,Senior Software Engineer
Richard Lee,richard.lee327@example.com,+1 (555) 227-2600,MatrixGrid,Frontend Developer
David Thomas,david.thomas328@example.com,+1 (555) 946-1779,AlphaBase,Data Scientist
Matthew Jackson,matthew.jackson329@example.com,+1 (555) 183-6075,QuantumLab,Frontend Developer
Elizabeth Thomas,elizabeth.thomas330@example.com,+1 (555) 994-6600,HyperScale,Senior Software Engineer
Susan Thomas,susan.thomas331@example.com,+1 (555) 193-5505,ApexSource,Software Engineer
Mary Thomas,mary.thomas332@example.com,+1 (555) 328-5123,MatrixGrid,Software Engineer
Joseph Jones,joseph.jones333@example.com,+1 (555) 212-6111,Innovate Solutions,Full Stack Developer
Robert Taylor,robert.taylor334@example.com,+1 (555) 995-4203,TechCorp,Data Scientist
Betty Lee,betty.lee335@example.com,+1 (555) 603-8943,AlphaBase,Backend Engineer
Mary Davis,mary.davis336@example.com,+1 (555) 836-9886,DataForge,Backend Engineer
Sarah Brown,sarah.brown337@example.com,+1 (555) 151-8756,DataForge,Software Engineer
Sandra Jones,sandra.jones338@example.com,+1 (555) 566-9448,HyperScale,Full Stack Developer
Sandra Moore,sandra.moore339@example.com,+1 (555) 461-3816,SoftSystems,Senior Software Engineer
Charles Johnson,charles.johnson340@example.com,+1 (555) 109-3162,WebScale,Data Engineer
Thomas Jackson,thomas.jackson341@example.com,+1 (555) 313-7621,DataForge,Senior Software Engineer
Charles Rodriguez,charles.rodriguez342@example.com,+1 (555) 396-3715,AlphaBase,Senior Software Engineer
Linda Harris,linda.harris343@example.com,+1 (555) 297-1964,MatrixGrid,DevOps Engineer
Thomas Garcia,thomas.garcia344@example.com,+1 (555) 938-7012,HyperScale,Data Scientist
Mary Johnson,mary.johnson345@example.com,+1 (555) 618-5902,TechCorp,Software Engineer
Linda Gonzalez,linda.gonzalez346@example.com,+1 (555) 787-5766,WebScale,Full Stack Developer
Richard White,richard.white347@example.com,+1 (555) 473-2613,WebScale,Data Engineer
Anthony Davis,anthony.davis348@example.com,+1 (555) 747-2627,QuantumLab,Senior Software Engineer
Betty Lopez,betty.lopez349@example.com,+1 (555) 519-3564,CloudNet,Data Scientist
Jennifer Gonzalez,jennifer.gonzalez350@example.com,+1 (555) 569-1896,AlphaBase,DevOps Engineer
Mark Lopez,mark.lopez351@example.com,+1 (555) 834-9903,TechCorp,Data Engineer
Patricia Garcia,patricia.garcia352@example.com,+1 (555) 916-1407,ApexSource,Data Scientist
Joseph Williams,joseph.williams353@example.com,+1 (555) 912-4615,DevFoundry,Data Scientist
Donald Williams,donald.williams354@example.com,+1 (555) 326-6181,DevFoundry,Product Manager
Linda Gonzalez,linda.gonzalez355@example.com,+1 (555) 227-7228,QuantumLab,Senior Software Engineer
Christopher Harris,christopher.harris356@example.com,+1 (555) 680-6950,Innovate Solutions,Machine Learning Engineer
Nancy Miller,nancy.miller357@example.com,+1 (555) 268-7461,QuantumLab,Frontend Developer
Charles Williams,charles.williams358@example.com,+1 (555) 808-2966,QuantumLab,DevOps Engineer
James Hernandez,james.hernandez359@example.com,+1 (555) 580-6556,MatrixGrid,Machine Learning Engineer
Jennifer White,jennifer.white360@example.com,+1 (555) 894-1856,HyperScale,Software Engineer
James Martinez,james.martinez361@example.com,+1 (555) 501-8892,MatrixGrid,Product Manager
David Miller,david.miller362@example.com,+1 (555) 208-8001,CloudNet,Backend Engineer
Daniel Jones,daniel.jones363@example.com,+1 (555) 581-9073,QuantumLab,Machine Learning Engineer
Jessica Harris,jessica.harris364@example.com,+1 (555) 509-4280,ApexSource,Data Scientist
James Thompson,james.thompson365@example.com,+1 (555) 433-8471,CloudNet,Full Stack Developer
Mary Smith,mary.smith366@example.com,+1 (555) 240-8341,CloudNet,Machine Learning Engineer
Joseph Williams,joseph.williams367@example.com,+1 (555) 487-1333,CloudNet,Full Stack Developer
Karen Miller,karen.miller368@example.com,+1 (555) 524-7242,DevFoundry,Machine Learning Engineer
Betty Martin,betty.martin369@example.com,+1 (555) 461-3060,HyperScale,DevOps Engineer
Linda Rodriguez,linda.rodriguez370@example.com,+1 (555) 937-6716,AlphaBase,Full Stack Developer
John Moore,john.moore371@example.com,+1 (555) 716-8294,DevFoundry,Data Engineer
Donald Taylor,donald.taylor372@example.com,+1 (555) 919-5201,AlphaBase,Machine Learning Engineer
Michael Wilson,michael.wilson373@example.com,+1 (555) 219-2059,WebScale,Machine Learning Engineer
Nancy Williams,nancy.williams374@example.com,+1 (555) 202-2858,WebScale,Data Scientist
David Rodriguez,david.rodriguez375@example.com,+1 (555) 364-8387,CloudNet,DevOps Engineer
Mark Jackson,mark.jackson376@example.com,+1 (555) 513-5958,AlphaBase,DevOps Engineer
Jennifer Harris,jennifer.harris377@example.com,+1 (555) 503-9083,Innovate Solutions,Software Engineer
Richard Thompson,richard.thompson378@example.com,+1 (555) 402-6740,Innovate Solutions,Data Scientist
William Garcia,william.garcia379@example.com,+1 (555) 835-9634,WebScale,Data Engineer
Anthony White,anthony.white380@example.com,+1 (555) 764-7644,ApexSource,Backend Engineer
Sarah Rodriguez,sarah.rodriguez381@example.com,+1 (555) 718-1101,CloudNet,DevOps Engineer
Ashley Garcia,ashley.garcia382@example.com,+1 (555) 606-6934,CloudNet,Frontend Developer
Nancy Lopez,nancy.lopez383@example.com,+1 (555) 205-3141,SoftSystems,Data Scientist
David Perez,david.perez384@example.com,+1 (555) 782-2232,SoftSystems,Data Scientist
Karen Harris,karen.harris385@example.com,+1 (555) 968-1158,TechCorp,Frontend Developer
Mark Williams,mark.williams386@example.com,+1 (555) 456-3460,HyperScale,Frontend Developer
Michael Jackson,michael.jackson387@example.com,+1 (555) 308-8074,HyperScale,Software Engineer
David Wilson,david.wilson388@example.com,+1 (555) 556-6395,MatrixGrid,Machine Learning Engineer
Patricia Harris,patricia.harris389@example.com,+1 (555) 883-6536,WebScale,Full Stack Developer
Barbara Lopez,barbara.lopez390@example.com,+1 (555) 449-7483,SoftSystems,DevOps Engineer
David Anderson,david.anderson391@example.com,+1 (555) 768-7988,DevFoundry,Senior Software Engineer
Ashley Thompson,ashley.thompson392@example.com,+1 (555) 918-6839,WebScale,DevOps Engineer
Thomas Brown,thomas.brown393@example.com,+1 (555) 503-1780,HyperScale,Data Engineer
Patricia Lee,patricia.lee394@example.com,+1 (555) 111-9687,DataForge,Data Engineer
Richard Lee,richard.lee395@example.com,+1 (555) 858-8723,QuantumLab,Product Manager
Mary Martin,mary.martin396@example.com,+1 (555) 724-4676,AlphaBase,Full Stack Developer
Jennifer Smith,jennifer.smith397@example.com,+1 (555) 433-9044,MatrixGrid,Data Scientist
Anthony Miller,anthony.miller398@example.com,+1 (555) 228-8322,TechCorp,Machine Learning Engineer
John Lee,john.lee399@example.com,+1 (555) 452-9875,ApexSource,Software Engineer
Jennifer Hernandez,jennifer.hernandez400@example.com,+1 (555) 980-1310,MatrixGrid,Senior Software Engineer
Betty Johnson,betty.johnson401@example.com,+1 (555) 919-1034,AlphaBase,DevOps Engineer
Sarah Hernandez,sarah.hernandez402@example.com,+1 (555) 795-9998,WebScale,Senior Software Engineer
Michael Lee,michael.lee403@example.com,+1 (555) 505-8868,HyperScale,Product Manager
Elizabeth Smith,elizabeth.smith404@example.com,+1 (555) 854-8623,DataForge,Data Engineer
Karen Thomas,karen.thomas405@example.com,+1 (555) 481-1354,Innovate Solutions,Data Engineer
John Martin,john.martin406@example.com,+1 (555) 953-4951,HyperScale,Full Stack Developer
Matthew Taylor,matthew.taylor407@example.com,+1 (555) 103-3901,Innovate Solutions,Product Manager
David Lee,david.lee408@example.com,+1 (555) 747-6651,MatrixGrid,Senior Software Engineer
Charles Jackson,charles.jackson409@example.com,+1 (555) 325-8400,WebScale,Product Manager
Susan Martinez,susan.martinez410@example.com,+1 (555) 906-9947,HyperScale,Senior Software Engineer
Thomas Davis,thomas.davis411@example.com,+1 (555) 402-1932,DevFoundry,Data Engineer
Robert Hernandez,robert.hernandez412@example.com,+1 (555) 672-6114,CloudNet,Data Scientist
Patricia Martin,patricia.martin413@example.com,+1 (555) 170-8883,WebScale,Full Stack Developer
Mark Garcia,mark.garcia414@example.com,+1 (555) 825-9253,DevFoundry,DevOps Engineer
Mark Perez,mark.perez415@example.com,+1 (555) 494-5061,WebScale,Product Manager
Christopher Lopez,christopher.lopez416@example.com,+1 (555) 786-5626,CloudNet,Frontend Developer
Christopher Rodriguez,christopher.rodriguez417@example.com,+1 (555) 404-5806,DataForge,Data Engineer
Richard Miller,richard.miller418@example.com,+1 (555) 128-9373,CloudNet,Full Stack Developer
Charles Johnson,charles.johnson419@example.com,+1 (555) 469-5478,ApexSource,Full Stack Developer
James Thomas,james.thomas420@example.com,+1 (555) 311-9082,TechCorp,Full Stack Developer
Jennifer Rodriguez,jennifer.rodriguez421@example.com,+1 (555) 797-4351,TechCorp,Backend Engineer
Matthew Martin,matthew.martin422@example.com,+1 (555) 278-1566,DevFoundry,Full Stack Developer
Ashley White,ashley.white423@example.com,+1 (555) 480-2285,SoftSystems,DevOps Engineer
Patricia Garcia,patricia.garcia424@example.com,+1 (555) 359-6963,WebScale,Product Manager
Elizabeth Wilson,elizabeth.wilson425@example.com,+1 (555) 768-8755,WebScale,Backend Engineer
Karen Wilson,karen.wilson426@example.com,+1 (555) 206-8168,AlphaBase,Frontend Developer
Elizabeth Moore,elizabeth.moore427@example.com,+1 (555) 166-8185,Innovate Solutions,Senior Software Engineer
Daniel Martinez,daniel.martinez428@example.com,+1 (555) 926-8888,Innovate Solutions,DevOps Engineer
James Miller,james.miller429@example.com,+1 (555) 614-5843,SoftSystems,Backend Engineer
Mark Jackson,mark.jackson430@example.com,+1 (555) 194-1266,Innovate Solutions,Machine Learning Engineer
Jennifer Jones,jennifer.jones431@example.com,+1 (555) 797-6510,DevFoundry,Backend Engineer
William Smith,william.smith432@example.com,+1 (555) 334-7754,CloudNet,DevOps Engineer
Betty Davis,betty.davis433@example.com,+1 (555) 650-8083,DevFoundry,Data Engineer
Betty Thompson,betty.thompson434@example.com,+1 (555) 806-2635,CloudNet,Data Engineer
Matthew Garcia,matthew.garcia435@example.com,+1 (555) 130-2340,DataForge,Backend Engineer
Ashley Davis,ashley.davis436@example.com,+1 (555) 973-2128,Innovate Solutions,Frontend Developer
Robert Perez,robert.perez437@example.com,+1 (555) 923-3199,WebScale,Machine Learning Engineer
Charles Harris,charles.harris438@example.com,+1 (555) 653-3139,ApexSource,Senior Software Engineer
John Taylor,john.taylor439@example.com,+1 (555) 308-5176,QuantumLab,Product Manager
Ashley Anderson,ashley.anderson440@example.com,+1 (555) 805-5950,MatrixGrid,Product Manager
Margaret Jones,margaret.jones441@example.com,+1 (555) 302-5771,HyperScale,Machine Learning Engineer
James Lee,james.lee442@example.com,+1 (555) 610-1974,QuantumLab,Frontend Developer
Charles Martinez,charles.martinez443@example.com,+1 (555) 578-1208,CloudNet,Machine Learning Engineer
Thomas Williams,thomas.williams444@example.com,+1 (555) 342-8631,SoftSystems,Senior Software Engineer
Lisa Thomas,lisa.thomas445@example.com,+1 (555) 679-5152,CloudNet,Data Scientist
Ashley Hernandez,ashley.hernandez446@example.com,+1 (555) 281-7860,MatrixGrid,Product Manager
Christopher Anderson,christopher.anderson447@example.com,+1 (555) 123-4399,HyperScale,Machine Learning Engineer
Elizabeth Brown,elizabeth.brown448@example.com,+1 (555) 363-4325,HyperScale,DevOps Engineer
Barbara Martin,barbara.martin449@example.com,+1 (555) 613-4200,DevFoundry,Data Engineer
Donald Garcia,donald.garcia450@example.com,+1 (555) 557-4459,CloudNet,Backend Engineer
Jennifer Perez,jennifer.perez451@example.com,+1 (555) 499-4363,DataForge,Software Engineer
Nancy White,nancy.white452@example.com,+1 (555) 900-3972,AlphaBase,Machine Learning Engineer
Donald Jones,donald.jones453@example.com,+1 (555) 517-3892,ApexSource,DevOps Engineer
Betty Jackson,betty.jackson454@example.com,+1 (555) 143-7632,DevFoundry,Full Stack Developer
Mary Jones,mary.jones455@example.com,+1 (555) 490-8902,QuantumLab,Frontend Developer
Jennifer Hernandez,jennifer.hernandez456@example.com,+1 (555) 329-2923,DevFoundry,Backend Engineer
Richard Thomas,richard.thomas457@example.com,+1 (555) 365-7884,QuantumLab,Backend Engineer
Thomas Garcia,thomas.garcia458@example.com,+1 (555) 261-8476,TechCorp,Software Engineer
Robert Smith,robert.smith459@example.com,+1 (555) 563-3098,WebScale,Software Engineer
Robert Moore,robert.moore460@example.com,+1 (555) 845-1425,CloudNet,Data Engineer
Ashley Hernandez,ashley.hernandez461@example.com,+1 (555) 771-5893,DevFoundry,Frontend Developer
Sandra Hernandez,sandra.hernandez462@example.com,+1 (555) 598-8969,CloudNet,Backend Engineer
Joseph Lopez,joseph.lopez463@example.com,+1 (555) 741-7208,ApexSource,Product Manager
Jessica Taylor,jessica.taylor464@example.com,+1 (555) 113-8842,DevFoundry,DevOps Engineer
Ashley Wilson,ashley.wilson465@example.com,+1 (555) 901-2486,QuantumLab,Senior Software Engineer
Sandra Thompson,sandra.thompson466@example.com,+1 (555) 446-6030,QuantumLab,Full Stack Developer
Jennifer Lopez,jennifer.lopez467@example.com,+1 (555) 333-4736,TechCorp,Software Engineer
Jessica Harris,jessica.harris468@example.com,+1 (555) 515-6663,HyperScale,Product Manager
Barbara Garcia,barbara.garcia469@example.com,+1 (555) 237-3060,DevFoundry,Frontend Developer
Barbara Anderson,barbara.anderson470@example.com,+1 (555) 873-3322,DevFoundry,Backend Engineer
Joseph Thompson,joseph.thompson471@example.com,+1 (555) 440-3871,CloudNet,Full Stack Developer
Joseph Taylor,joseph.taylor472@example.com,+1 (555) 230-5518,ApexSource,Data Engineer
Anthony Thompson,anthony.thompson473@example.com,+1 (555) 767-5873,SoftSystems,Product Manager
Karen Harris,karen.harris474@example.com,+1 (555) 296-7327,AlphaBase,Frontend Developer
Nancy Jackson,nancy.jackson475@example.com,+1 (555) 425-8852,QuantumLab,DevOps Engineer
Michael Martinez,michael.martinez476@example.com,+1 (555) 346-8744,Innovate Solutions,Software Engineer
Joseph Harris,joseph.harris477@example.com,+1 (555) 601-7609,ApexSource,Backend Engineer
Christopher Lopez,christopher.lopez478@example.com,+1 (555) 622-3719,MatrixGrid,Product Manager
Matthew White,matthew.white479@example.com,+1 (555) 958-4011,Innovate Solutions,Software Engineer
Margaret Garcia,margaret.garcia480@example.com,+1 (555) 359-2000,WebScale,Machine Learning Engineer
Joseph Perez,joseph.perez481@example.com,+1 (555) 304-5303,QuantumLab,Product Manager
Matthew Martinez,matthew.martinez482@example.com,+1 (555) 534-1460,AlphaBase,Data Engineer
Matthew Rodriguez,matthew.rodriguez483@example.com,+1 (555) 352-6838,DataForge,Data Scientist
Sandra Anderson,sandra.anderson484@example.com,+1 (555) 996-9869,HyperScale,Product Manager
Anthony Lopez,anthony.lopez485@example.com,+1 (555) 967-8147,WebScale,Machine Learning Engineer
William Miller,william.miller486@example.com,+1 (555) 858-2471,CloudNet,Data Engineer
Karen Williams,karen.williams487@example.com,+1 (555) 897-2334,QuantumLab,Frontend Developer
Richard Jackson,richard.jackson488@example.com,+1 (555) 248-8668,ApexSource,Frontend Developer
Mark Jones,mark.jones489@example.com,+1 (555) 416-8494,SoftSystems,Full Stack Developer
John Brown,john.brown490@example.com,+1 (555) 262-8356,SoftSystems,Software Engineer
Jessica Rodriguez,jessica.rodriguez491@example.com,+1 (555) 260-5874,MatrixGrid,Software Engineer
Jennifer Gonzalez,jennifer.gonzalez492@example.com,+1 (555) 568-8778,TechCorp,Data Scientist
Daniel Thompson,daniel.thompson493@example.com,+1 (555) 383-7013,Innovate Solutions,Full Stack Developer
James Martinez,james.martinez494@example.com,+1 (555) 246-8924,SoftSystems,Full Stack Developer
Barbara Martinez,barbara.martinez495@example.com,+1 (555) 653-2287,QuantumLab,Data Engineer
Donald Perez,donald.perez496@example.com,+1 (555) 525-4395,AlphaBase,Software Engineer
Nancy Rodriguez,nancy.rodriguez497@example.com,+1 (555) 391-5221,HyperScale,Data Scientist
Barbara Jones,barbara.jones498@example.com,+1 (555) 100-7974,DevFoundry,Product Manager
Daniel Harris,daniel.harris499@example.com,+1 (555) 731-9246,MatrixGrid,Backend Engineer
Patricia Martinez,patricia.martinez500@example.com,+1 (555) 129-3241,DevFoundry,Frontend Developer
James Jackson,james.jackson501@example.com,+1 (555) 152-4401,TechCorp,Backend Engineer
Jessica Johnson,jessica.johnson502@example.com,+1 (555) 320-9109,CloudNet,Data Engineer
Elizabeth Smith,elizabeth.smith503@example.com,+1 (555) 588-1524,QuantumLab,Full Stack Developer
Donald Davis,donald.davis504@example.com,+1 (555) 592-8452,MatrixGrid,Product Manager
William Lee,william.lee505@example.com,+1 (555) 474-2674,ApexSource,Backend Engineer
James Harris,james.harris506@example.com,+1 (555) 906-4434,SoftSystems,Software Engineer
James Perez,james.perez507@example.com,+1 (555) 585-1100,CloudNet,Data Scientist
Karen Davis,karen.davis508@example.com,+1 (555) 764-7629,WebScale,Data Engineer
Donald Miller,donald.miller509@example.com,+1 (555) 202-8571,DevFoundry,Data Engineer
Elizabeth Gonzalez,elizabeth.gonzalez510@example.com,+1 (555) 194-4616,SoftSystems,Data Scientist
Sandra Brown,sandra.brown511@example.com,+1 (555) 642-3265,HyperScale,Frontend Developer
Ashley Thomas,ashley.thomas512@example.com,+1 (555) 794-3185,HyperScale,Product Manager
Barbara Moore,barbara.moore513@example.com,+1 (555) 562-7212,DataForge,Product Manager
Jennifer Miller,jennifer.miller514@example.com,+1 (555) 470-7933,WebScale,Software Engineer
Mark Johnson,mark.johnson515@example.com,+1 (555) 573-8910,HyperScale,Full Stack Developer
Mark Jones,mark.jones516@example.com,+1 (555) 867-6426,ApexSource,DevOps Engineer
John Rodriguez,john.rodriguez517@example.com,+1 (555) 440-7822,TechCorp,Software Engineer
Thomas Perez,thomas.perez518@example.com,+1 (555) 230-4297,Innovate Solutions,Senior Software Engineer
Betty Martin,betty.martin519@example.com,+1 (555) 164-1956,QuantumLab,Data Engineer
Barbara Moore,barbara.moore520@example.com,+1 (555) 809-3841,TechCorp,Data Engineer
John Rodriguez,john.rodriguez521@example.com,+1 (555) 914-1682,QuantumLab,Machine Learning Engineer
Susan Williams,susan.williams522@example.com,+1 (555) 786-3866,HyperScale,Machine Learning Engineer
Linda Miller,linda.miller523@example.com,+1 (555) 350-6593,TechCorp,Product Manager
Sandra Perez,sandra.perez524@example.com,+1 (555) 329-8713,ApexSource,Machine Learning Engineer
Mary Harris,mary.harris525@example.com,+1 (555) 111-4986,AlphaBase,Machine Learning Engineer
William Harris,william.harris526@example.com,+1 (555) 199-2013,SoftSystems,Data Scientist
Jennifer Lee,jennifer.lee527@example.com,+1 (555) 705-7689,Innovate Solutions,DevOps Engineer
Charles Jackson,charles.jackson528@example.com,+1 (555) 607-3161,Innovate Solutions,Data Scientist
Lisa Jones,lisa.jones529@example.com,+1 (555) 480-7290,QuantumLab,Full Stack Developer
Thomas Lopez,thomas.lopez530@example.com,+1 (555) 747-2315,MatrixGrid,Software Engineer
David Johnson,david.johnson531@example.com,+1 (555) 293-9326,MatrixGrid,Machine Learning Engineer
Karen Garcia,karen.garcia532@example.com,+1 (555) 845-7366,TechCorp,Machine Learning Engineer
Margaret Lee,margaret.lee533@example.com,+1 (555) 307-7610,DevFoundry,Data Engineer
James Brown,james.brown534@example.com,+1 (555) 811-9317,CloudNet,Data Engineer
Susan Wilson,susan.wilson535@example.com,+1 (555) 983-6595,DevFoundry,Frontend Developer
Karen Smith,karen.smith536@example.com,+1 (555) 181-3745,WebScale,Senior Software Engineer
Charles Martinez,charles.martinez537@example.com,+1 (555) 194-3560,QuantumLab,Backend Engineer
Jessica Lee,jessica.lee538@example.com,+1 (555) 811-9717,HyperScale,Frontend Developer
Matthew Brown,matthew.brown539@example.com,+1 (555) 651-6039,QuantumLab,Product Manager
Nancy Moore,nancy.moore540@example.com,+1 (555) 789-2533,MatrixGrid,Senior Software Engineer
Mary Wilson,mary.wilson541@example.com,+1 (555) 451-9753,SoftSystems,Frontend Developer
Robert White,robert.white542@example.com,+1 (555) 924-2833,AlphaBase,Software Engineer
Robert Johnson,robert.johnson543@example.com,+1 (555) 129-3924,DevFoundry,Backend Engineer
Sarah Williams,sarah.williams544@example.com,+1 (555) 525-2102,HyperScale,Senior Software Engineer
Charles Martinez,charles.martinez545@example.com,+1 (555) 342-3255,DevFoundry,Frontend Developer
Patricia Lee,patricia.lee546@example.com,+1 (555) 276-9591,Innovate Solutions,Software Engineer
Lisa Taylor,lisa.taylor547@example.com,+1 (555) 379-1340,QuantumLab,Frontend Developer
Mark Jackson,mark.jackson548@example.com,+1 (555) 332-3230,SoftSystems,Backend Engineer
Margaret Johnson,margaret.johnson549@example.com,+1 (555) 638-8854,HyperScale,Data Engineer
Mark Wilson,mark.wilson550@example.com,+1 (555) 313-9355,DataForge,Machine Learning Engineer
John Davis,john.davis551@example.com,+1 (555) 525-3898,SoftSystems,Data Engineer
James Harris,james.harris552@example.com,+1 (555) 907-6777,ApexSource,Frontend Developer
Elizabeth Garcia,elizabeth.garcia553@example.com,+1 (555) 970-4049,SoftSystems,Senior Software Engineer
Elizabeth White,elizabeth.white554@example.com,+1 (555) 377-3074,DevFoundry,Frontend Developer
James Martin,james.martin555@example.com,+1 (555) 366-4406,SoftSystems,Full Stack Developer
Margaret Lee,margaret.lee556@example.com,+1 (555) 197-7186,HyperScale,DevOps Engineer
Matthew Martinez,matthew.martinez557@example.com,+1 (555) 258-7374,Innovate Solutions,Machine Learning Engineer
Michael Garcia,michael.garcia558@example.com,+1 (555) 720-9436,WebScale,Full Stack Developer
Charles Brown,charles.brown559@example.com,+1 (555) 467-1483,DevFoundry,Software Engineer
Joseph Moore,joseph.moore560@example.com,+1 (555) 408-3679,QuantumLab,Full Stack Developer
Michael Martin,michael.martin561@example.com,+1 (555) 137-3890,MatrixGrid,Backend Engineer
William Taylor,william.taylor562@example.com,+1 (555) 125-9696,Innovate Solutions,Software Engineer
Anthony Davis,anthony.davis563@example.com,+1 (555) 943-4378,ApexSource,Machine Learning Engineer
Matthew Jackson,matthew.jackson564@example.com,+1 (555) 933-8257,CloudNet,Data Scientist
Linda Williams,linda.williams565@example.com,+1 (555) 974-5479,QuantumLab,DevOps Engineer
Lisa Martin,lisa.martin566@example.com,+1 (555) 756-3402,DataForge,Backend Engineer
Matthew Gonzalez,matthew.gonzalez567@example.com,+1 (555) 886-3494,DataForge,Software Engineer
James Moore,james.moore568@example.com,+1 (555) 186-9053,DataForge,Full Stack Developer
Christopher Taylor,christopher.taylor569@example.com,+1 (555) 929-6454,HyperScale,Senior Software Engineer
Susan Lopez,susan.lopez570@example.com,+1 (555) 660-2803,MatrixGrid,Backend Engineer
Jennifer Smith,jennifer.smith571@example.com,+1 (555) 308-2343,QuantumLab,Backend Engineer
Richard Thompson,richard.thompson572@example.com,+1 (555) 895-3411,MatrixGrid,Product Manager
Barbara Hernandez,barbara.hernandez573@example.com,+1 (555) 251-2217,DevFoundry,Senior Software Engineer
Jennifer Hernandez,jennifer.hernandez574@example.com,+1 (555) 552-7031,QuantumLab,Product Manager
Donald Jones,donald.jones575@example.com,+1 (555) 704-7551,AlphaBase,Machine Learning Engineer
Ashley Lopez,ashley.lopez576@example.com,+1 (555) 358-3902,Innovate Solutions,Software Engineer
Elizabeth White,elizabeth.white577@example.com,+1 (555) 713-5615,TechCorp,Senior Software Engineer
Donald Jackson,donald.jackson578@example.com,+1 (555) 618-7704,DevFoundry,Software Engineer
Barbara Perez,barbara.perez579@example.com,+1 (555) 532-6271,CloudNet,Backend Engineer
Thomas Wilson,thomas.wilson580@example.com,+1 (555) 638-1463,ApexSource,Software Engineer
Lisa Wilson,lisa.wilson581@example.com,+1 (555) 575-9263,MatrixGrid,Data Scientist
Lisa Gonzalez,lisa.gonzalez582@example.com,+1 (555) 680-4267,ApexSource,DevOps Engineer
Susan Perez,susan.perez583@example.com,+1 (555) 257-8533,WebScale,DevOps Engineer
Sandra Martinez,sandra.martinez584@example.com,+1 (555) 928-7638,Innovate Solutions,Data Scientist
Betty Johnson,betty.johnson585@example.com,+1 (555) 738-3811,SoftSystems,Machine Learning Engineer
Joseph Thomas,joseph.thomas586@example.com,+1 (555) 410-8235,DataForge,Product Manager
Lisa Thomas,lisa.thomas587@example.com,+1 (555) 150-3775,Innovate Solutions,Machine Learning Engineer
James Gonzalez,james.gonzalez588@example.com,+1 (555) 133-2184,SoftSystems,Frontend Developer
Jessica Smith,jessica.smith589@example.com,+1 (555) 526-5770,TechCorp,Backend Engineer
Thomas Brown,thomas.brown590@example.com,+1 (555) 433-6711,Innovate Solutions,Senior Software Engineer
Donald Thompson,donald.thompson591@example.com,+1 (555) 305-1617,DevFoundry,Frontend Developer
Sarah Jackson,sarah.jackson592@example.com,+1 (555) 805-2421,AlphaBase,Machine Learning Engineer
Nancy Jackson,nancy.jackson593@example.com,+1 (555) 559-4278,TechCorp,Machine Learning Engineer
William Jones,william.jones594@example.com,+1 (555) 188-7552,DataForge,Data Engineer
Lisa Moore,lisa.moore595@example.com,+1 (555) 610-1513,Innovate Solutions,Full Stack Developer
Mark Thompson,mark.thompson596@example.com,+1 (555) 328-3109,WebScale,DevOps Engineer
Michael Moore,michael.moore597@example.com,+1 (555) 525-5667,CloudNet,Backend Engineer
Patricia Anderson,patricia.anderson598@example.com,+1 (555) 777-4342,ApexSource,Frontend Developer
Robert Gonzalez,robert.gonzalez599@example.com,+1 (555) 337-5676,HyperScale,DevOps Engineer
Jessica Lopez,jessica.lopez600@example.com,+1 (555) 316-9702,ApexSource,Data Scientist
Barbara Jackson,barbara.jackson601@example.com,+1 (555) 344-5079,Innovate Solutions,Frontend Developer
Susan Harris,susan.harris602@example.com,+1 (555) 333-2478,DataForge,Backend Engineer
Barbara Gonzalez,barbara.gonzalez603@example.com,+1 (555) 935-8033,HyperScale,Data Engineer
Linda White,linda.white604@example.com,+1 (555) 565-4671,CloudNet,Machine Learning Engineer
Ashley Moore,ashley.moore605@example.com,+1 (555) 531-8350,SoftSystems,DevOps Engineer
Susan Wilson,susan.wilson606@example.com,+1 (555) 505-6967,Innovate Solutions,Machine Learning Engineer
Joseph Jackson,joseph.jackson607@example.com,+1 (555) 818-5802,WebScale,Full Stack Developer
Susan White,susan.white608@example.com,+1 (555) 961-4569,MatrixGrid,Full Stack Developer
Lisa Williams,lisa.williams609@example.com,+1 (555) 850-1505,Innovate Solutions,Frontend Developer
Susan Garcia,susan.garcia610@example.com,+1 (555) 133-9927,QuantumLab,Full Stack Developer
Jennifer Gonzalez,jennifer.gonzalez611@example.com,+1 (555) 189-8368,HyperScale,Senior Software Engineer
James Williams,james.williams612@example.com,+1 (555) 852-9295,Innovate Solutions,Machine Learning Engineer
Matthew Williams,matthew.williams613@example.com,+1 (555) 453-2239,AlphaBase,Frontend Developer
Daniel Miller,daniel.miller614@example.com,+1 (555) 838-4745,ApexSource,Full Stack Developer
Anthony Jackson,anthony.jackson615@example.com,+1 (555) 168-4543,HyperScale,Full Stack Developer
Charles White,charles.white616@example.com,+1 (555) 831-9856,ApexSource,Product Manager
David Williams,david.williams617@example.com,+1 (555) 390-2091,TechCorp,Senior Software Engineer
Daniel Harris,daniel.harris618@example.com,+1 (555) 240-1830,HyperScale,Software Engineer
Matthew Jones,matthew.jones619@example.com,+1 (555) 305-5771,MatrixGrid,Software Engineer
Ashley Thomas,ashley.thomas620@example.com,+1 (555) 116-3014,CloudNet,Senior Software Engineer
Thomas Perez,thomas.perez621@example.com,+1 (555) 185-8929,HyperScale,Full Stack Developer
Jennifer Jackson,jennifer.jackson622@example.com,+1 (555) 108-4283,HyperScale,Frontend Developer
Joseph Jones,joseph.jones623@example.com,+1 (555) 118-6530,DataForge,Product Manager
Betty Thomas,betty.thomas624@example.com,+1 (555) 104-1413,AlphaBase,Full Stack Developer
Nancy Wilson,nancy.wilson625@example.com,+1 (555) 884-6234,MatrixGrid,Full Stack Developer
Richard Harris,richard.harris626@example.com,+1 (555) 514-5396,QuantumLab,Data Scientist
Susan Wilson,susan.wilson627@example.com,+1 (555) 963-6655,MatrixGrid,Full Stack Developer
Sarah Wilson,sarah.wilson628@example.com,+1 (555) 405-7270,ApexSource,Product Manager
Anthony Moore,anthony.moore629@example.com,+1 (555) 342-3394,QuantumLab,Full Stack Developer
Sarah Williams,sarah.williams630@example.com,+1 (555) 529-4481,AlphaBase,Software Engineer
Matthew Taylor,matthew.taylor631@example.com,+1 (555) 468-6097,HyperScale,Backend Engineer
John Garcia,john.garcia632@example.com,+1 (555) 176-7510,QuantumLab,Machine Learning Engineer
Margaret Perez,margaret.perez633@example.com,+1 (555) 441-7536,CloudNet,DevOps Engineer
Susan Martin,susan.martin634@example.com,+1 (555) 935-6257,TechCorp,Backend Engineer
Margaret Taylor,margaret.taylor635@example.com,+1 (555) 257-4688,Innovate Solutions,Senior Software Engineer
Nancy Miller,nancy.miller636@example.com,+1 (555) 172-5643,SoftSystems,Software Engineer
Karen Harris,karen.harris637@example.com,+1 (555) 129-9704,TechCorp,Software Engineer
Mark Lee,mark.lee638@example.com,+1 (555) 910-6132,DevFoundry,Senior Software Engineer
Jessica Wilson,jessica.wilson639@example.com,+1 (555) 205-3762,AlphaBase,DevOps Engineer
Michael Smith,michael.smith640@example.com,+1 (555) 614-5838,SoftSystems,DevOps Engineer
Elizabeth Garcia,elizabeth.garcia641@example.com,+1 (555) 637-1522,DevFoundry,Product Manager
Jessica Lopez,jessica.lopez642@example.com,+1 (555) 176-9767,TechCorp,Frontend Developer
Linda Miller,linda.miller643@example.com,+1 (555) 350-9985,ApexSource,Frontend Developer
Thomas Moore,thomas.moore644@example.com,+1 (555) 844-9776,Innovate Solutions,Backend Engineer
Linda Perez,linda.perez645@example.com,+1 (555) 227-1344,TechCorp,Machine Learning Engineer
Nancy Garcia,nancy.garcia646@example.com,+1 (555) 423-1885,WebScale,Product Manager
Elizabeth Jones,elizabeth.jones647@example.com,+1 (555) 414-2936,WebScale,Data Scientist
Barbara Miller,barbara.miller648@example.com,+1 (555) 964-9517,ApexSource,Full Stack Developer
John Moore,john.moore649@example.com,+1 (555) 780-5385,QuantumLab,Frontend Developer
Patricia White,patricia.white650@example.com,+1 (555) 573-3050,DevFoundry,Senior Software Engineer
Lisa Martinez,lisa.martinez651@example.com,+1 (555) 236-9486,SoftSystems,Backend Engineer
David Harris,david.harris652@example.com,+1 (555) 651-8064,AlphaBase,DevOps Engineer
Jessica Smith,jessica.smith653@example.com,+1 (555) 962-9831,CloudNet,Full Stack Developer
Ashley Rodriguez,ashley.rodriguez654@example.com,+1 (555) 897-1156,MatrixGrid,Machine Learning Engineer
Barbara Martin,barbara.martin655@example.com,+1 (555) 653-3023,Innovate Solutions,Product Manager
Jessica White,jessica.white656@example.com,+1 (555) 532-2566,HyperScale,Senior Software Engineer
Linda Gonzalez,linda.gonzalez657@example.com,+1 (555) 168-5281,WebScale,Software Engineer
Margaret Moore,margaret.moore658@example.com,+1 (555) 537-4009,DataForge,Machine Learning Engineer
Charles Garcia,charles.garcia659@example.com,+1 (555) 739-7956,DevFoundry,Machine Learning Engineer
Joseph Rodriguez,joseph.rodriguez660@example.com,+1 (555) 184-6094,DataForge,Frontend Developer
Christopher White,christopher.white661@example.com,+1 (555) 130-4267,Innovate Solutions,Full Stack Developer
Margaret Harris,margaret.harris662@example.com,+1 (555) 643-2532,MatrixGrid,Data Scientist
Ashley Harris,ashley.harris663@example.com,+1 (555) 591-7795,TechCorp,Machine Learning Engineer
Karen Thomas,karen.thomas664@example.com,+1 (555) 493-3143,Innovate Solutions,Backend Engineer
Mark Miller,mark.miller665@example.com,+1 (555) 360-6030,Innovate Solutions,Full Stack Developer
Linda Rodriguez,linda.rodriguez666@example.com,+1 (555) 618-4089,ApexSource,Software Engineer
Robert Thompson,robert.thompson667@example.com,+1 (555) 574-7553,CloudNet,Senior Software Engineer
Karen Anderson,karen.anderson668@example.com,+1 (555) 781-7940,ApexSource,Product Manager
David White,david.white669@example.com,+1 (555) 508-1128,QuantumLab,Senior Software Engineer
Margaret Lopez,margaret.lopez670@example.com,+1 (555) 970-3405,MatrixGrid,Frontend Developer
Mark White,mark.white671@example.com,+1 (555) 889-6786,DataForge,DevOps Engineer
Matthew Jones,matthew.jones672@example.com,+1 (555) 385-5845,CloudNet,Frontend Developer
Nancy Harris,nancy.harris673@example.com,+1 (555) 521-8981,Innovate Solutions,Full Stack Developer
Nancy Anderson,nancy.anderson674@example.com,+1 (555) 702-2887,MatrixGrid,Product Manager
Margaret Perez,margaret.perez675@example.com,+1 (555) 704-3460,CloudNet,Backend Engineer
Jessica Garcia,jessica.garcia676@example.com,+1 (555) 722-8304,CloudNet,DevOps Engineer
James Brown,james.brown677@example.com,+1 (555) 932-8668,DataForge,Backend Engineer
William Rodriguez,william.rodriguez678@example.com,+1 (555) 624-6751,SoftSystems,Backend Engineer
Barbara Davis,barbara.davis679@example.com,+1 (555) 861-9235,Innovate Solutions,Senior Software Engineer
Joseph Jones,joseph.jones680@example.com,+1 (555) 640-3926,Innovate Solutions,Full Stack Developer
Robert Jackson,robert.jackson681@example.com,+1 (555) 898-6697,CloudNet,Data Scientist
Sarah Anderson,sarah.anderson682@example.com,+1 (555) 929-5361,WebScale,Frontend Developer
Mark Jones,mark.jones683@example.com,+1 (555) 411-7208,HyperScale,DevOps Engineer
William Miller,william.miller684@example.com,+1 (555) 123-6809,Innovate Solutions,Software Engineer
Daniel Thomas,daniel.thomas685@example.com,+1 (555) 227-2336,DevFoundry,DevOps Engineer
Linda Hernandez,linda.hernandez686@example.com,+1 (555) 450-6175,Innovate Solutions,Senior Software Engineer
John Martin,john.martin687@example.com,+1 (555) 700-2461,QuantumLab,Backend Engineer
Linda Taylor,linda.taylor688@example.com,+1 (555) 528-8698,MatrixGrid,Software Engineer
Susan Jones,susan.jones689@example.com,+1 (555) 561-7150,DataForge,Product Manager
Daniel Perez,daniel.perez690@example.com,+1 (555) 451-6651,HyperScale,Full Stack Developer
Linda Jones,linda.jones691@example.com,+1 (555) 675-1541,DevFoundry,Senior Software Engineer
Michael Anderson,michael.anderson692@example.com,+1 (555) 587-2706,WebScale,Product Manager
Joseph Davis,joseph.davis693@example.com,+1 (555) 353-3132,WebScale,Backend Engineer
James Wilson,james.wilson694@example.com,+1 (555) 570-3569,HyperScale,DevOps Engineer
Lisa Lopez,lisa.lopez695@example.com,+1 (555) 586-2882,DataForge,Product Manager
Karen Lopez,karen.lopez696@example.com,+1 (555) 883-9537,HyperScale,DevOps Engineer
Lisa Williams,lisa.williams697@example.com,+1 (555) 329-8346,MatrixGrid,Full Stack Developer
James Brown,james.brown698@example.com,+1 (555) 393-8546,SoftSystems,Frontend Developer
William Johnson,william.johnson699@example.com,+1 (555) 947-6509,AlphaBase,Software Engineer
Daniel Thomas,daniel.thomas700@example.com,+1 (555) 495-1434,SoftSystems,Data Scientist
Richard Smith,richard.smith701@example.com,+1 (555) 489-9797,Innovate Solutions,Backend Engineer
Susan White,susan.white702@example.com,+1 (555) 212-6993,CloudNet,Frontend Developer
Barbara Thompson,barbara.thompson703@example.com,+1 (555) 210-5223,SoftSystems,Machine Learning Engineer
Nancy Gonzalez,nancy.gonzalez704@example.com,+1 (555) 742-6362,DevFoundry,Product Manager
Jennifer Johnson,jennifer.johnson705@example.com,+1 (555) 968-7320,TechCorp,Senior Software Engineer
Christopher Williams,christopher.williams706@example.com,+1 (555) 870-2801,WebScale,Machine Learning Engineer
Jessica Williams,jessica.williams707@example.com,+1 (555) 557-8518,DevFoundry,Data Engineer
Christopher Martin,christopher.martin708@example.com,+1 (555) 720-8361,Innovate Solutions,Full Stack Developer
James Lopez,james.lopez709@example.com,+1 (555) 645-2148,QuantumLab,Full Stack Developer
Linda Perez,linda.perez710@example.com,+1 (555) 271-8831,ApexSource,Backend Engineer
John Perez,john.perez711@example.com,+1 (555) 323-8735,ApexSource,Product Manager
Ashley Gonzalez,ashley.gonzalez712@example.com,+1 (555) 500-7426,CloudNet,Data Scientist
Sarah Brown,sarah.brown713@example.com,+1 (555) 772-6476,AlphaBase,Frontend Developer
Karen Davis,karen.davis714@example.com,+1 (555) 510-1069,ApexSource,DevOps Engineer
Mark Williams,mark.williams715@example.com,+1 (555) 323-1120,QuantumLab,Senior Software Engineer
Richard Wilson,richard.wilson716@example.com,+1 (555) 512-9549,ApexSource,Frontend Developer
Margaret Moore,margaret.moore717@example.com,+1 (555) 420-1712,WebScale,Data Scientist
Betty Lee,betty.lee718@example.com,+1 (555) 660-1408,TechCorp,Backend Engineer
Anthony Lee,anthony.lee719@example.com,+1 (555) 154-8221,HyperScale,Product Manager
David Harris,david.harris720@example.com,+1 (555) 526-5161,CloudNet,Machine Learning Engineer
Richard Johnson,richard.johnson721@example.com,+1 (555) 288-4181,SoftSystems,Senior Software Engineer
Margaret Brown,margaret.brown722@example.com,+1 (555) 650-8130,MatrixGrid,Machine Learning Engineer
Joseph Harris,joseph.harris723@example.com,+1 (555) 861-1297,QuantumLab,Full Stack Developer
Christopher Jackson,christopher.jackson724@example.com,+1 (555) 274-6045,Innovate Solutions,Machine Learning Engineer
Patricia White,patricia.white725@example.com,+1 (555) 140-5633,WebScale,Full Stack Developer
Jessica Brown,jessica.brown726@example.com,+1 (555) 898-2940,QuantumLab,Frontend Developer
Michael Moore,michael.moore727@example.com,+1 (555) 605-4927,MatrixGrid,Data Engineer
Mary White,mary.white728@example.com,+1 (555) 419-6736,MatrixGrid,Backend Engineer
Sarah Rodriguez,sarah.rodriguez729@example.com,+1 (555) 977-5123,AlphaBase,Backend Engineer
Michael Thomas,michael.thomas730@example.com,+1 (555) 782-1441,DevFoundry,Software Engineer
Linda Harris,linda.harris731@example.com,+1 (555) 927-5113,WebScale,Machine Learning Engineer
Sandra Harris,sandra.harris732@example.com,+1 (555) 596-2283,TechCorp,Data Scientist
Ashley Martinez,ashley.martinez733@example.com,+1 (555) 788-8582,WebScale,Full Stack Developer
Barbara Taylor,barbara.taylor734@example.com,+1 (555) 677-1871,ApexSource,Senior Software Engineer
Anthony Rodriguez,anthony.rodriguez735@example.com,+1 (555) 589-6904,AlphaBase,Full Stack Developer
Jennifer Thomas,jennifer.thomas736@example.com,+1 (555) 250-3376,AlphaBase,Senior Software Engineer
Linda White,linda.white737@example.com,+1 (555) 712-8295,MatrixGrid,Senior Software Engineer
Ashley Taylor,ashley.taylor738@example.com,+1 (555) 514-3337,HyperScale,Data Scientist
Nancy Perez,nancy.perez739@example.com,+1 (555) 546-9586,MatrixGrid,Data Scientist
Donald Martin,donald.martin740@example.com,+1 (555) 381-9453,TechCorp,Frontend Developer
Elizabeth Gonzalez,elizabeth.gonzalez741@example.com,+1 (555) 514-9751,WebScale,Frontend Developer
Sarah Johnson,sarah.johnson742@example.com,+1 (555) 275-7062,ApexSource,Software Engineer
Sarah Williams,sarah.williams743@example.com,+1 (555) 309-8203,WebScale,Product Manager
Mark Brown,mark.brown744@example.com,+1 (555) 710-8183,ApexSource,Backend Engineer
John Martinez,john.martinez745@example.com,+1 (555) 942-5917,WebScale,Backend Engineer
Karen Smith,karen.smith746@example.com,+1 (555) 486-7516,DataForge,Full Stack Developer
Ashley Jones,ashley.jones747@example.com,+1 (555) 897-2519,HyperScale,Software Engineer
Barbara Taylor,barbara.taylor748@example.com,+1 (555) 879-9591,WebScale,Product Manager
Barbara Davis,barbara.davis749@example.com,+1 (555) 522-4783,Innovate Solutions,Data Engineer
Mary Lopez,mary.lopez750@example.com,+1 (555) 127-2936,CloudNet,Senior Software Engineer
Daniel Gonzalez,daniel.gonzalez751@example.com,+1 (555) 421-5402,AlphaBase,Data Scientist
Nancy Anderson,nancy.anderson752@example.com,+1 (555) 957-4186,AlphaBase,Senior Software Engineer
Jennifer Jones,jennifer.jones753@example.com,+1 (555) 435-6634,HyperScale,Machine Learning Engineer
Christopher Thompson,christopher.thompson754@example.com,+1 (555) 545-7891,DevFoundry,Frontend Developer
Jennifer Thomas,jennifer.thomas755@example.com,+1 (555) 884-9254,ApexSource,Data Engineer
Jessica White,jessica.white756@example.com,+1 (555) 556-3091,DevFoundry,Software Engineer
James Lopez,james.lopez757@example.com,+1 (555) 278-2552,HyperScale,Machine Learning Engineer
Margaret Johnson,margaret.johnson758@example.com,+1 (555) 807-9406,MatrixGrid,DevOps Engineer
Lisa Thompson,lisa.thompson759@example.com,+1 (555) 841-5173,Innovate Solutions,Frontend Developer
Sarah Moore,sarah.moore760@example.com,+1 (555) 586-6195,DataForge,Software Engineer
Barbara Martin,barbara.martin761@example.com,+1 (555) 807-5685,CloudNet,Senior Software Engineer
Sandra Anderson,sandra.anderson762@example.com,+1 (555) 425-1367,CloudNet,Frontend Developer
Susan Lopez,susan.lopez763@example.com,+1 (555) 483-9357,TechCorp,Frontend Developer
Donald Martinez,donald.martinez764@example.com,+1 (555) 481-5042,SoftSystems,Data Engineer
David Wilson,david.wilson765@example.com,+1 (555) 291-1508,SoftSystems,Senior Software Engineer
Charles Smith,charles.smith766@example.com,+1 (555) 170-3977,MatrixGrid,Data Scientist
Jessica Miller,jessica.miller767@example.com,+1 (555) 114-7987,ApexSource,Software Engineer
Charles Anderson,charles.anderson768@example.com,+1 (555) 123-9178,ApexSource,Full Stack Developer
Michael Taylor,michael.taylor769@example.com,+1 (555) 404-6474,ApexSource,Senior Software Engineer
William Garcia,william.garcia770@example.com,+1 (555) 871-1501,CloudNet,Software Engineer
Sarah Anderson,sarah.anderson771@example.com,+1 (555) 544-5999,DataForge,Backend Engineer
Robert Anderson,robert.anderson772@example.com,+1 (555) 313-1106,QuantumLab,Backend Engineer
Donald Williams,donald.williams773@example.com,+1 (555) 522-6007,SoftSystems,Frontend Developer
Sandra Hernandez,sandra.hernandez774@example.com,+1 (555) 460-6002,MatrixGrid,Data Scientist
Christopher Martin,christopher.martin775@example.com,+1 (555) 402-5301,TechCorp,Data Engineer
John Anderson,john.anderson776@example.com,+1 (555) 605-7090,SoftSystems,Frontend Developer
William Johnson,william.johnson777@example.com,+1 (555) 165-8243,MatrixGrid,Machine Learning Engineer
Susan Miller,susan.miller778@example.com,+1 (555) 925-3043,HyperScale,Machine Learning Engineer
James Martin,james.martin779@example.com,+1 (555) 847-2833,AlphaBase,Senior Software Engineer
Matthew Miller,matthew.miller780@example.com,+1 (555) 778-9247,ApexSource,Software Engineer
William Smith,william.smith781@example.com,+1 (555) 453-6536,DevFoundry,Data Engineer
Patricia Martinez,patricia.martinez782@example.com,+1 (555) 531-3598,AlphaBase,Machine Learning Engineer
Ashley Johnson,ashley.johnson783@example.com,+1 (555) 828-3471,AlphaBase,Full Stack Developer
James Wilson,james.wilson784@example.com,+1 (555) 960-2520,DataForge,Full Stack Developer
Mary Garcia,mary.garcia785@example.com,+1 (555) 352-7755,QuantumLab,Backend Engineer
Lisa Perez,lisa.perez786@example.com,+1 (555) 211-6156,CloudNet,DevOps Engineer
Daniel Anderson,daniel.anderson787@example.com,+1 (555) 137-9583,SoftSystems,Backend Engineer
Christopher Jones,christopher.jones788@example.com,+1 (555) 729-3518,AlphaBase,Senior Software Engineer
David Perez,david.perez789@example.com,+1 (555) 226-3611,QuantumLab,Data Scientist
Jessica Lopez,jessica.lopez790@example.com,+1 (555) 521-1125,QuantumLab,Product Manager
John Wilson,john.wilson791@example.com,+1 (555) 524-6404,ApexSource,Machine Learning Engineer
William Thomas,william.thomas792@example.com,+1 (555) 605-5723,Innovate Solutions,Full Stack Developer
Margaret Harris,margaret.harris793@example.com,+1 (555) 312-1876,AlphaBase,Data Scientist
Elizabeth Brown,elizabeth.brown794@example.com,+1 (555) 245-7912,CloudNet,Backend Engineer
John Hernandez,john.hernandez795@example.com,+1 (555) 548-9248,QuantumLab,Product Manager
Charles Taylor,charles.taylor796@example.com,+1 (555) 778-5846,CloudNet,Machine Learning Engineer
Karen Martin,karen.martin797@example.com,+1 (555) 698-6391,DataForge,Product Manager
John Davis,john.davis798@example.com,+1 (555) 585-2003,SoftSystems,Frontend Developer
Jennifer Gonzalez,jennifer.gonzalez799@example.com,+1 (555) 321-1036,WebScale,Product Manager
David Thompson,david.thompson800@example.com,+1 (555) 768-8416,TechCorp,Data Engineer
John Moore,john.moore801@example.com,+1 (555) 924-3220,HyperScale,Product Manager
Anthony Williams,anthony.williams802@example.com,+1 (555) 546-6779,DataForge,Software Engineer
Elizabeth Lee,elizabeth.lee803@example.com,+1 (555) 786-4469,CloudNet,Machine Learning Engineer
Robert Miller,robert.miller804@example.com,+1 (555) 879-8854,SoftSystems,Data Engineer
Robert Smith,robert.smith805@example.com,+1 (555) 608-2245,MatrixGrid,Data Scientist
James Johnson,james.johnson806@example.com,+1 (555) 158-6598,DataForge,Full Stack Developer
Barbara Taylor,barbara.taylor807@example.com,+1 (555) 496-6547,QuantumLab,Product Manager
Barbara Moore,barbara.moore808@example.com,+1 (555) 518-3176,DevFoundry,Backend Engineer
Elizabeth Lopez,elizabeth.lopez809@example.com,+1 (555) 150-4617,QuantumLab,Full Stack Developer
Christopher Hernandez,christopher.hernandez810@example.com,+1 (555) 719-3599,QuantumLab,DevOps Engineer
Mary Hernandez,mary.hernandez811@example.com,+1 (555) 866-4754,AlphaBase,Backend Engineer
David Rodriguez,david.rodriguez812@example.com,+1 (555) 545-5588,DataForge,Data Scientist
Nancy Wilson,nancy.wilson813@example.com,+1 (555) 980-2793,SoftSystems,Software Engineer
Sandra Rodriguez,sandra.rodriguez814@example.com,+1 (555) 720-8820,WebScale,Senior Software Engineer
Barbara White,barbara.white815@example.com,+1 (555) 465-1233,AlphaBase,Software Engineer
David Jones,david.jones816@example.com,+1 (555) 378-8544,HyperScale,Software Engineer
Joseph Davis,joseph.davis817@example.com,+1 (555) 947-6163,Innovate Solutions,Software Engineer
Margaret Martin,margaret.martin818@example.com,+1 (555) 215-8261,QuantumLab,Frontend Developer
Richard Smith,richard.smith819@example.com,+1 (555) 483-8712,MatrixGrid,Product Manager
Susan Thompson,susan.thompson820@example.com,+1 (555) 751-5710,AlphaBase,Full Stack Developer
Richard Martin,richard.martin821@example.com,+1 (555) 220-3307,ApexSource,Product Manager
Robert Gonzalez,robert.gonzalez822@example.com,+1 (555) 985-9948,HyperScale,Senior Software Engineer
Ashley Williams,ashley.williams823@example.com,+1 (555) 653-9829,HyperScale,Frontend Developer
Jessica Perez,jessica.perez824@example.com,+1 (555) 111-2509,MatrixGrid,Product Manager
Michael Johnson,michael.johnson825@example.com,+1 (555) 681-7946,ApexSource,Product Manager
Robert Miller,robert.miller826@example.com,+1 (555) 295-7927,WebScale,Backend Engineer
Anthony Moore,anthony.moore827@example.com,+1 (555) 656-2459,CloudNet,Frontend Developer
Michael Williams,michael.williams828@example.com,+1 (555) 761-1703,QuantumLab,Data Scientist
Linda Wilson,linda.wilson829@example.com,+1 (555) 415-5870,ApexSource,Senior Software Engineer
Nancy Hernandez,nancy.hernandez830@example.com,+1 (555) 868-3542,WebScale,Data Engineer
Daniel Jones,daniel.jones831@example.com,+1 (555) 485-7380,Innovate Solutions,Product Manager
Anthony Rodriguez,anthony.rodriguez832@example.com,+1 (555) 984-3760,DataForge,Full Stack Developer
Donald Perez,donald.perez833@example.com,+1 (555) 821-6695,TechCorp,Software Engineer
Linda Thomas,linda.thomas834@example.com,+1 (555) 972-7674,ApexSource,Backend Engineer
Ashley Garcia,ashley.garcia835@example.com,+1 (555) 778-7866,CloudNet,DevOps Engineer
Daniel Miller,daniel.miller836@example.com,+1 (555) 882-1918,Innovate Solutions,Data Scientist
Linda Anderson,linda.anderson837@example.com,+1 (555) 495-3957,TechCorp,Machine Learning Engineer
Betty Martinez,betty.martinez838@example.com,+1 (555) 911-4111,CloudNet,Data Engineer
Mark Perez,mark.perez839@example.com,+1 (555) 586-4616,DataForge,Machine Learning Engineer
Sandra White,sandra.white840@example.com,+1 (555) 134-6905,CloudNet,Software Engineer
Susan Moore,susan.moore841@example.com,+1 (555) 350-3691,WebScale,Data Engineer
William Johnson,william.johnson842@example.com,+1 (555) 883-9949,QuantumLab,Full Stack Developer
Mary Jackson,mary.jackson843@example.com,+1 (555) 768-7342,MatrixGrid,Full Stack Developer
Donald Jackson,donald.jackson844@example.com,+1 (555) 803-4694,CloudNet,Data Engineer
Anthony Anderson,anthony.anderson845@example.com,+1 (555) 109-3795,MatrixGrid,Backend Engineer
Lisa Hernandez,lisa.hernandez846@example.com,+1 (555) 137-5717,DevFoundry,Full Stack Developer
Susan Perez,susan.perez847@example.com,+1 (555) 930-8526,AlphaBase,Software Engineer
Donald Lopez,donald.lopez848@example.com,+1 (555) 817-9385,CloudNet,Senior Software Engineer
Matthew Lopez,matthew.lopez849@example.com,+1 (555) 473-9708,HyperScale,Backend Engineer
Daniel Williams,daniel.williams850@example.com,+1 (555) 920-6245,WebScale,Backend Engineer
Betty Martin,betty.martin851@example.com,+1 (555) 703-4032,WebScale,Backend Engineer
Jessica Smith,jessica.smith852@example.com,+1 (555) 278-4833,ApexSource,DevOps Engineer
Mary Gonzalez,mary.gonzalez853@example.com,+1 (555) 503-9812,AlphaBase,Software Engineer
Matthew Thomas,matthew.thomas854@example.com,+1 (555) 907-1851,DevFoundry,Senior Software Engineer
Margaret Thompson,margaret.thompson855@example.com,+1 (555) 963-7432,WebScale,Machine Learning Engineer
Joseph Thompson,joseph.thompson856@example.com,+1 (555) 934-5558,HyperScale,Senior Software Engineer
Barbara Lee,barbara.lee857@example.com,+1 (555) 984-5663,DevFoundry,Data Scientist
William Harris,william.harris858@example.com,+1 (555) 909-8042,CloudNet,Frontend Developer
Susan Perez,susan.perez859@example.com,+1 (555) 479-7650,ApexSource,Full Stack Developer
Jennifer Brown,jennifer.brown860@example.com,+1 (555) 200-3231,MatrixGrid,Product Manager
Elizabeth Lopez,elizabeth.lopez861@example.com,+1 (555) 378-4653,CloudNet,Software Engineer
Joseph Brown,joseph.brown862@example.com,+1 (555) 438-9453,CloudNet,Full Stack Developer
Margaret Thompson,margaret.thompson863@example.com,+1 (555) 985-2247,ApexSource,Senior Software Engineer
Richard Lee,richard.lee864@example.com,+1 (555) 324-1149,CloudNet,Software Engineer
Mark Taylor,mark.taylor865@example.com,+1 (555) 437-7226,WebScale,DevOps Engineer
Elizabeth Johnson,elizabeth.johnson866@example.com,+1 (555) 650-5873,CloudNet,Backend Engineer
Michael Garcia,michael.garcia867@example.com,+1 (555) 744-3657,QuantumLab,Full Stack Developer
Betty Anderson,betty.anderson868@example.com,+1 (555) 798-2936,MatrixGrid,Full Stack Developer
Thomas Davis,thomas.davis869@example.com,+1 (555) 420-4122,AlphaBase,Full Stack Developer
Matthew Lee,matthew.lee870@example.com,+1 (555) 396-8158,MatrixGrid,Machine Learning Engineer
Linda Hernandez,linda.hernandez871@example.com,+1 (555) 497-8846,QuantumLab,Machine Learning Engineer
William Lee,william.lee872@example.com,+1 (555) 602-5239,MatrixGrid,DevOps Engineer
Anthony Brown,anthony.brown873@example.com,+1 (555) 797-1818,DataForge,Software Engineer
Barbara Gonzalez,barbara.gonzalez874@example.com,+1 (555) 648-8189,AlphaBase,Full Stack Developer
Linda Lee,linda.lee875@example.com,+1 (555) 851-7295,DataForge,Data Engineer
James Smith,james.smith876@example.com,+1 (555) 942-1198,TechCorp,DevOps Engineer
Margaret Rodriguez,margaret.rodriguez877@example.com,+1 (555) 815-2404,WebScale,Full Stack Developer
Lisa Wilson,lisa.wilson878@example.com,+1 (555) 251-5055,Innovate Solutions,Data Scientist
Elizabeth Martin,elizabeth.martin879@example.com,+1 (555) 829-4000,CloudNet,Product Manager
Daniel Miller,daniel.miller880@example.com,+1 (555) 796-3503,CloudNet,Data Scientist
Karen Thompson,karen.thompson881@example.com,+1 (555) 712-7751,SoftSystems,Data Engineer
Nancy Gonzalez,nancy.gonzalez882@example.com,+1 (555) 287-4763,TechCorp,Data Scientist
Sarah Thompson,sarah.thompson883@example.com,+1 (555) 870-4742,Innovate Solutions,Full Stack Developer
William Lee,william.lee884@example.com,+1 (555) 646-7674,QuantumLab,Data Scientist
Richard White,richard.white885@example.com,+1 (555) 658-2081,ApexSource,Data Engineer
Susan Martinez,susan.martinez886@example.com,+1 (555) 203-6235,HyperScale,Software Engineer
James Harris,james.harris887@example.com,+1 (555) 258-2736,SoftSystems,Product Manager
Charles Garcia,charles.garcia888@example.com,+1 (555) 592-4532,Innovate Solutions,Software Engineer
Ashley Thomas,ashley.thomas889@example.com,+1 (555) 252-6310,AlphaBase,Frontend Developer
Sarah Perez,sarah.perez890@example.com,+1 (555) 430-3394,QuantumLab,Senior Software Engineer
Jessica Rodriguez,jessica.rodriguez891@example.com,+1 (555) 743-1881,DevFoundry,Machine Learning Engineer
Sandra Thomas,sandra.thomas892@example.com,+1 (555) 371-6681,CloudNet,Senior Software Engineer
Jessica Taylor,jessica.taylor893@example.com,+1 (555) 961-7339,DevFoundry,Senior Software Engineer
Susan Harris,susan.harris894@example.com,+1 (555) 762-2077,DevFoundry,Data Scientist
Betty Jones,betty.jones895@example.com,+1 (555) 102-7313,DevFoundry,Product Manager
Linda Wilson,linda.wilson896@example.com,+1 (555) 903-3953,SoftSystems,Senior Software Engineer
Margaret Martin,margaret.martin897@example.com,+1 (555) 883-7509,MatrixGrid,Data Engineer
Christopher Williams,christopher.williams898@example.com,+1 (555) 941-9519,WebScale,Frontend Developer
Margaret Harris,margaret.harris899@example.com,+1 (555) 257-7615,SoftSystems,Backend Engineer
Nancy Rodriguez,nancy.rodriguez900@example.com,+1 (555) 144-7412,DataForge,Data Scientist
William Taylor,william.taylor901@example.com,+1 (555) 930-7303,ApexSource,Software Engineer
Nancy Wilson,nancy.wilson902@example.com,+1 (555) 190-9868,Innovate Solutions,Product Manager
Richard Brown,richard.brown903@example.com,+1 (555) 408-5334,ApexSource,Data Engineer
Margaret Lopez,margaret.lopez904@example.com,+1 (555) 843-7304,CloudNet,Software Engineer
Daniel Rodriguez,daniel.rodriguez905@example.com,+1 (555) 592-7783,DataForge,Frontend Developer
Thomas Brown,thomas.brown906@example.com,+1 (555) 885-4150,ApexSource,DevOps Engineer
Ashley Jones,ashley.jones907@example.com,+1 (555) 739-4861,HyperScale,Machine Learning Engineer
Donald Taylor,donald.taylor908@example.com,+1 (555) 636-2573,ApexSource,Full Stack Developer
Richard Thompson,richard.thompson909@example.com,+1 (555) 373-4722,AlphaBase,Full Stack Developer
Daniel Harris,daniel.harris910@example.com,+1 (555) 672-8501,QuantumLab,Senior Software Engineer
Nancy Brown,nancy.brown911@example.com,+1 (555) 131-7942,ApexSource,Software Engineer
Christopher Thompson,christopher.thompson912@example.com,+1 (555) 629-5345,SoftSystems,Backend Engineer
Christopher Thompson,christopher.thompson913@example.com,+1 (555) 972-9633,SoftSystems,Senior Software Engineer
Margaret Thompson,margaret.thompson914@example.com,+1 (555) 474-7955,HyperScale,Full Stack Developer
Matthew Jones,matthew.jones915@example.com,+1 (555) 733-6176,DataForge,Data Scientist
Ashley Brown,ashley.brown916@example.com,+1 (555) 731-9397,CloudNet,Frontend Developer
Robert Jackson,robert.jackson917@example.com,+1 (555) 474-3902,HyperScale,Backend Engineer
Anthony Martinez,anthony.martinez918@example.com,+1 (555) 223-7098,WebScale,Software Engineer
Elizabeth Thompson,elizabeth.thompson919@example.com,+1 (555) 254-8748,ApexSource,Frontend Developer
Donald Lee,donald.lee920@example.com,+1 (555) 308-7049,QuantumLab,Backend Engineer
Daniel Hernandez,daniel.hernandez921@example.com,+1 (555) 461-3530,CloudNet,Software Engineer
Susan Perez,susan.perez922@example.com,+1 (555) 333-2733,AlphaBase,Senior Software Engineer
David Martin,david.martin923@example.com,+1 (555) 644-8065,DataForge,Software Engineer
Betty Smith,betty.smith924@example.com,+1 (555) 614-7908,DevFoundry,Senior Software Engineer
Patricia Johnson,patricia.johnson925@example.com,+1 (555) 543-5477,DataForge,DevOps Engineer
Margaret Williams,margaret.williams926@example.com,+1 (555) 746-9598,TechCorp,Software Engineer
Nancy Wilson,nancy.wilson927@example.com,+1 (555) 330-2297,SoftSystems,Full Stack Developer
Sandra Davis,sandra.davis928@example.com,+1 (555) 535-4803,WebScale,DevOps Engineer
John Martin,john.martin929@example.com,+1 (555) 958-9238,TechCorp,Backend Engineer
Margaret Thompson,margaret.thompson930@example.com,+1 (555) 645-8798,Innovate Solutions,Machine Learning Engineer
Ashley Martinez,ashley.martinez931@example.com,+1 (555) 267-8995,MatrixGrid,Senior Software Engineer
Margaret Davis,margaret.davis932@example.com,+1 (555) 604-1859,AlphaBase,Full Stack Developer
Anthony Johnson,anthony.johnson933@example.com,+1 (555) 242-5660,HyperScale,Product Manager
Lisa Johnson,lisa.johnson934@example.com,+1 (555) 466-3177,WebScale,Software Engineer
Elizabeth Brown,elizabeth.brown935@example.com,+1 (555) 986-6275,ApexSource,Senior Software Engineer
Thomas Jackson,thomas.jackson936@example.com,+1 (555) 223-2030,AlphaBase,Software Engineer
Matthew Lee,matthew.lee937@example.com,+1 (555) 287-6192,TechCorp,Machine Learning Engineer
Sarah Smith,sarah.smith938@example.com,+1 (555) 466-2272,AlphaBase,Backend Engineer
Jennifer White,jennifer.white939@example.com,+1 (555) 431-7027,Innovate Solutions,Frontend Developer
Matthew Jackson,matthew.jackson940@example.com,+1 (555) 405-2352,CloudNet,Senior Software Engineer
Jennifer Jones,jennifer.jones941@example.com,+1 (555) 984-6623,QuantumLab,Data Engineer
Elizabeth Garcia,elizabeth.garcia942@example.com,+1 (555) 802-3829,ApexSource,Backend Engineer
Betty Taylor,betty.taylor943@example.com,+1 (555) 819-5071,ApexSource,Frontend Developer
Joseph Moore,joseph.moore944@example.com,+1 (555) 744-5428,SoftSystems,Data Engineer
Linda White,linda.white945@example.com,+1 (555) 697-2914,HyperScale,Software Engineer
Jennifer Jackson,jennifer.jackson946@example.com,+1 (555) 930-3442,SoftSystems,Full Stack Developer
Lisa Brown,lisa.brown947@example.com,+1 (555) 569-2830,DevFoundry,Backend Engineer
Betty Moore,betty.moore948@example.com,+1 (555) 759-6627,TechCorp,Backend Engineer
Karen Thompson,karen.thompson949@example.com,+1 (555) 358-1087,HyperScale,Backend Engineer
Nancy Martin,nancy.martin950@example.com,+1 (555) 446-3652,WebScale,Frontend Developer
Betty Brown,betty.brown951@example.com,+1 (555) 162-5435,WebScale,Frontend Developer
James Johnson,james.johnson952@example.com,+1 (555) 824-6102,DataForge,Data Scientist
Richard Perez,richard.perez953@example.com,+1 (555) 905-1128,CloudNet,Product Manager
Robert Williams,robert.williams954@example.com,+1 (555) 887-5594,QuantumLab,Data Engineer
Thomas Jones,thomas.jones955@example.com,+1 (555) 586-3875,SoftSystems,Product Manager
Matthew Jones,matthew.jones956@example.com,+1 (555) 111-4574,DataForge,Full Stack Developer
Elizabeth Davis,elizabeth.davis957@example.com,+1 (555) 624-4172,ApexSource,Software Engineer
Robert Lee,robert.lee958@example.com,+1 (555) 673-7964,DataForge,Backend Engineer
John Lee,john.lee959@example.com,+1 (555) 544-4142,HyperScale,Backend Engineer
David Johnson,david.johnson960@example.com,+1 (555) 932-8513,AlphaBase,Data Scientist
Karen Wilson,karen.wilson961@example.com,+1 (555) 526-3701,HyperScale,Full Stack Developer
Linda Lopez,linda.lopez962@example.com,+1 (555) 383-8790,DevFoundry,Senior Software Engineer
Susan Moore,susan.moore963@example.com,+1 (555) 979-6129,HyperScale,Backend Engineer
Nancy Garcia,nancy.garcia964@example.com,+1 (555) 583-6607,WebScale,Frontend Developer
David Perez,david.perez965@example.com,+1 (555) 503-2586,DevFoundry,Full Stack Developer
Donald Smith,donald.smith966@example.com,+1 (555) 682-1602,ApexSource,Senior Software Engineer
Donald Martinez,donald.martinez967@example.com,+1 (555) 229-7995,TechCorp,Data Engineer
Thomas Smith,thomas.smith968@example.com,+1 (555) 905-5387,AlphaBase,Machine Learning Engineer
Margaret Moore,margaret.moore969@example.com,+1 (555) 387-1926,AlphaBase,Frontend Developer
William Johnson,william.johnson970@example.com,+1 (555) 848-6260,ApexSource,Frontend Developer
Ashley Garcia,ashley.garcia971@example.com,+1 (555) 747-7393,DevFoundry,Frontend Developer
Robert Hernandez,robert.hernandez972@example.com,+1 (555) 474-8897,AlphaBase,Software Engineer
Jessica Moore,jessica.moore973@example.com,+1 (555) 351-6291,SoftSystems,Full Stack Developer
Christopher Lopez,christopher.lopez974@example.com,+1 (555) 952-9545,Innovate Solutions,DevOps Engineer
Susan Jones,susan.jones975@example.com,+1 (555) 492-3656,AlphaBase,Senior Software Engineer
Robert Garcia,robert.garcia976@example.com,+1 (555) 596-1126,WebScale,Machine Learning Engineer
Nancy Gonzalez,nancy.gonzalez977@example.com,+1 (555) 200-8293,DataForge,DevOps Engineer
Susan Jones,susan.jones978@example.com,+1 (555) 214-2657,DataForge,Machine Learning Engineer
Ashley Thomas,ashley.thomas979@example.com,+1 (555) 510-3676,MatrixGrid,Software Engineer
Nancy Martinez,nancy.martinez980@example.com,+1 (555) 599-7527,SoftSystems,Data Scientist
John Anderson,john.anderson981@example.com,+1 (555) 831-2322,HyperScale,Data Scientist
Daniel Gonzalez,daniel.gonzalez982@example.com,+1 (555) 630-6223,Innovate Solutions,Backend Engineer
Daniel Perez,daniel.perez983@example.com,+1 (555) 466-5970,Innovate Solutions,Data Scientist
Daniel Harris,daniel.harris984@example.com,+1 (555) 276-4058,ApexSource,Full Stack Developer
Ashley Moore,ashley.moore985@example.com,+1 (555) 727-2082,DataForge,Backend Engineer
Richard Davis,richard.davis986@example.com,+1 (555) 483-5714,AlphaBase,DevOps Engineer
Barbara Anderson,barbara.anderson987@example.com,+1 (555) 295-2768,DevFoundry,Full Stack Developer
Nancy Gonzalez,nancy.gonzalez988@example.com,+1 (555) 168-4260,QuantumLab,Data Scientist
Donald Davis,donald.davis989@example.com,+1 (555) 331-1630,CloudNet,Software Engineer
Mary Garcia,mary.garcia990@example.com,+1 (555) 214-3207,DataForge,Data Engineer
Margaret Thompson,margaret.thompson991@example.com,+1 (555) 170-8778,MatrixGrid,Product Manager
Joseph Martin,joseph.martin992@example.com,+1 (555) 930-9087,CloudNet,Senior Software Engineer
Donald Jackson,donald.jackson993@example.com,+1 (555) 873-3851,WebScale,Senior Software Engineer
Susan Miller,susan.miller994@example.com,+1 (555) 359-2668,TechCorp,Data Engineer
Michael Smith,michael.smith995@example.com,+1 (555) 749-1765,DataForge,Data Engineer
Donald Brown,donald.brown996@example.com,+1 (555) 535-5161,QuantumLab,Backend Engineer
Matthew Martin,matthew.martin997@example.com,+1 (555) 747-5203,SoftSystems,Full Stack Developer
Mary Wilson,mary.wilson998@example.com,+1 (555) 688-2663,Innovate Solutions,DevOps Engineer
Karen Thompson,karen.thompson999@example.com,+1 (555) 868-3702,ApexSource,DevOps Engineer
